<?xml version="1.0" encoding="UTF-8"?>
<window type="dialog" id="3007">
	<defaultcontrol always="true">450</defaultcontrol>
	<allowoverlay>no</allowoverlay>
	<visible>Window.IsVisible(SkinSettings) + System.HasAddon(script.cdartmanager) + IsEmpty(Skin.String(MusicLibraryClearLogosPath)) + !Skin.HasSetting(EnableMusicLibraryClearLogos) + !Skin.HasSetting(CloseDialog3007)</visible>
	
	<coordinates>
		<system>1</system>
		<origin x="395" y="180">true</origin>
	</coordinates>
	
	<controls>
		<control type="group">
			<include>DialogOpenCloseAnim</include>
			<control type="image">
				<width>490</width>
				<height>238</height>
				<texture border="50,70,50,75">panels/dialog-background.png</texture>
			</control>

			<control type="button">
				<left>430</left>
				<include>DialogCloseBtn</include>
			</control>
						
			<control type="label">
				<include>DialogTitle2</include>
				<label>$LOCALIZE[31942]</label>
			</control>
			
			<control type="image">
				<description>Description Background</description>
				<left>DialogMarginOffsetX</left>
				<top>DialogMarginOffsetY</top>
				<width>420</width>
				<height>82</height>
				<texture border="5">controls/button-nofocus.png</texture>
			</control>
			
			<control type="textbox">
				<left>40</left>
				<top>58</top>
				<width>410</width>
				<height>80</height>
				<font>ListFont2</font>
				<textcolor>DisabledColor</textcolor>
				<shadowcolor>ShadowColor</shadowcolor>
				<label>$LOCALIZE[31944]</label>
				<align>center</align>
			</control>
			
			<control type="button" id="450">
				<description>Music Library Clear Logos Path</description>
				<left>DialogMarginOffsetX</left>
				<top>141</top>
				<width>420</width>
				<onup>451</onup>
				<ondown>451</ondown>
				<include>DialogContentLabel</include>
				<label>$LOCALIZE[31943]: [COLOR=DefaultColor2]$INFO[Skin.String(MusicLibraryClearLogosPath)][/COLOR]</label>
				<onclick>Skin.SetPath(MusicLibraryClearLogosPath)</onclick>
			</control>

			<control type="grouplist">
				<left>75</left>
				<top>185</top>
				<itemgap>0</itemgap>
				<orientation>horizontal</orientation>
				<control type="button" id="451">
					<description>Ok</description>
					<onup>450</onup>
					<ondown>450</ondown>
					<include>DialogMenuBarBtn</include>
					<label>$LOCALIZE[186]</label>
					<onclick>Skin.Setbool(CloseDialog3007)</onclick>
					<onclick>Dialog.Close(3007)</onclick>
				</control>
				<control type="button" id="452">
					<description>Disable</description>
					<onup>450</onup>
					<ondown>450</ondown>
					<include>DialogMenuBarBtn</include>
					<label>$LOCALIZE[24021]</label>
					<onclick>Skin.ToggleSetting(EnableMusicLibraryClearLogos)</onclick>
					<onclick>Dialog.Close(3007)</onclick>
				</control>
			</control>
		</control>
	</controls>
</window>