<?xml version="1.0" encoding="UTF-8"?>
<window id="2001">
	<defaultcontrol always="true">987</defaultcontrol>
	<allowoverlay>no</allowoverlay>
	<zorder>0</zorder>
	<include>ControlsOpenCloseAnim</include>
	
	<controls>
		<include>FSMediaInfoBackgroundDim2</include>
		
		<control type="group">
			<visible>![Window.IsActive(script-ExtendedInfo Script-DialogInfo.xml) | Window.IsActive(script-ExtendedInfo Script-DialogVideoInfo.xml)]</visible>
			<control type="group">
				<left>100</left>
				<top>121</top>
				
				<control type="image">
					<description>Album / Artist Cover Image</description>
					<width>328</width>
					<height>328</height>
					<info>ListItem.Thumb</info>
					<bordertexture border="4">covers/cover-case2.png</bordertexture>
					<bordersize>4</bordersize>
					<aspectratio align="center" aligny="center">scale</aspectratio>
					<fadetime>IconCrossfadeTime</fadetime>
					<include>FSMediaInfoOpenCloseAnim</include>
					<visible>![Control.HasFocus(50) + !IsEmpty(Container(50).ListItem.Thumb)] + !IsEmpty(ListItem.Thumb)</visible>
				</control>
				
				<control type="image">
					<description>Album / Artist Cover Image</description>
					<width>328</width>
					<height>328</height>
					<texture>$INFO[Container(50).ListItem.Thumb]</texture>
					<bordertexture border="4">covers/cover-case2.png</bordertexture>
					<bordersize>4</bordersize>
					<aspectratio align="center" aligny="center">scale</aspectratio>
					<fadetime>IconCrossfadeTime</fadetime>
					<include>FSMediaInfoOpenCloseAnim</include>
					<visible>Control.HasFocus(50) + !IsEmpty(Container(50).ListItem.Thumb)</visible>
				</control>
				
				<control type="image">
					<description>Default Album Cover Image</description>
					<width>328</width>
					<height>328</height>
					<texture>DefaultAudio.png</texture>
					<bordertexture border="4">covers/cover-case2.png</bordertexture>
					<bordersize>50</bordersize>
					<aspectratio>keep</aspectratio>
					<include>FSMediaInfoOpenCloseAnim</include>
					<visible>Container.Content(Albums) + IsEmpty(ListItem.Thumb) + ![Control.HasFocus(50) + !IsEmpty(Container(50).ListItem.Thumb)]</visible>
					<animation effect="fade" end="70" condition="true">Conditional</animation>
				</control>
				
				<control type="image">
					<description>Default Artist Cover Image</description>
					<width>328</width>
					<height>328</height>
					<texture>DefaultArtist.png</texture>
					<bordertexture border="4">covers/cover-case2.png</bordertexture>
					<bordersize>50</bordersize>
					<aspectratio>keep</aspectratio>
					<include>FSMediaInfoOpenCloseAnim</include>
					<visible>Container.Content(Artists) + IsEmpty(ListItem.Thumb) + ![Control.HasFocus(50) + !IsEmpty(Container(50).ListItem.Thumb)]</visible>
					<animation effect="fade" end="70" condition="true">Conditional</animation>
				</control>
			</control>
		
			<control type="group">	
				<left>470</left>
				<top>79</top>

				<control type="label">
					<description>Title</description>
					<top>32</top>
					<width>710</width>
					<align>center</align>
					<font>FullMediaInfoTitleFont3</font>
					<textcolor>MediaInfoTitleColor</textcolor>
					<shadowcolor>ShadowColor</shadowcolor>
					<label>[UPPERCASE]$INFO[ListItem.Album][/UPPERCASE]</label>		
					<scroll>true</scroll>
					<visible>Container.Content(Albums)</visible>
				</control>
				
				<control type="label">
					<description>Title</description>
					<top>32</top>
					<width>710</width>
					<align>center</align>
					<font>FullMediaInfoTitleFont3</font>
					<textcolor>MediaInfoTitleColor</textcolor>
					<shadowcolor>ShadowColor</shadowcolor>
					<label>[UPPERCASE]$INFO[ListItem.Artist][/UPPERCASE]</label>		
					<scroll>true</scroll>
					<visible>Container.Content(Artists)</visible>
				</control>
				
				<control type="image">
					<top>80</top>
					<width>710</width>
					<height>2</height>
					<animation effect="fade" end="30" condition="true">Conditional</animation>
					<texture>views/videoinfo-separator.png</texture>
				</control>
				
				<control type="label">
					<description>Genre</description>
					<top>87</top>
					<width>710</width>
					<align>center</align>
					<font>FullMediaInfoTitleFont2</font>
					<textcolor>MediaInfoTitleColor2</textcolor>
					<shadowcolor>ShadowColor</shadowcolor>
					<label fallback="31000">[UPPERCASE]$INFO[ListItem.Genre][/UPPERCASE]</label>
				</control>
				
				<control type="image">
					<top>118</top>
					<width>710</width>
					<height>2</height>
					<animation effect="fade" end="30" condition="true">Conditional</animation>
					<texture>views/videoinfo-separator.png</texture>
				</control>
			</control>
		
			<control type="list" id="901">
				<left>465</left>
				<top>199</top>
				<width>720</width>
				<height>249</height>
				<onup>505</onup>
				<ondown condition="Control.IsVisible(50)">50</ondown>
				<ondown condition="!Control.IsVisible(50) + Control.IsVisible(61)">61</ondown>
				<onleft>505</onleft>
				<onright condition="Control.IsVisible(61)">61</onright>
				<itemlayout width="720" height="31">
					<control type="image">
						<top>29</top>
						<left>5</left>
						<width>710</width>
						<height>2</height>
						<animation effect="fade" end="30" condition="true">Conditional</animation>
						<texture>views/videoinfo-separator.png</texture>
					</control>
					<control type="image">
						<left>170</left>
						<width>1</width>
						<height>34</height>
						<animation effect="fade" end="25" condition="true">Conditional</animation>
						<texture border="1,0,0,10" flipy="true">views/videoinfo-separator.png</texture>
					</control>
					<control type="label">
						<left>5</left>
						<width>165</width>
						<height>31</height>
						<font>FullMediaInfoFont</font>
						<aligny>center</aligny>
						<textcolor>MediaInfoItemColor</textcolor>
						<shadowcolor>ShadowColor</shadowcolor>
						<label>[UPPERCASE]$INFO[ListItem.Label][/UPPERCASE]</label>
					</control>
					<control type="label">
						<left>179</left>
						<width>533</width>
						<height>31</height>
						<font>FullMediaInfoFont2</font>
						<aligny>center</aligny>
						<textcolor>MediaInfoItemColor2</textcolor>
						<shadowcolor>ShadowColor</shadowcolor>
						<label fallback="31000">$INFO[ListItem.Label2]</label>
					</control>
				</itemlayout>	
				<focusedlayout width="720" height="31">
					<control type="image">
						<top>29</top>
						<left>5</left>
						<width>710</width>
						<height>2</height>
						<animation effect="fade" end="30" condition="true">Conditional</animation>
						<texture>views/videoinfo-separator.png</texture>
					</control>
					<control type="image">
						<left>170</left>
						<width>1</width>
						<height>34</height>
						<animation effect="fade" end="25" condition="true">Conditional</animation>
						<texture border="1,0,0,10" flipy="true">views/videoinfo-separator.png</texture>
						<animation effect="fade" start="100" end="0" condition="Control.HasFocus(901)">Conditional</animation>
					</control>
					<control type="image">
						<left>0</left>
						<width>720</width>
						<height>31</height>	
						<texture border="4">views/list-focus.png</texture>
						<aspectratio>stretch</aspectratio>
						<visible>Control.HasFocus(901)</visible>
						<include>ListViewSelectFadeAnim</include>
						<include>MediaInfoListScrollAnim2</include>
					</control>
					<control type="label">
						<left>5</left>
						<width>165</width>
						<height>31</height>
						<font>FullMediaInfoFont</font>
						<aligny>center</aligny>
						<textcolor>MediaInfoItemColor</textcolor>
						<shadowcolor>ShadowColor</shadowcolor>
						<label>[UPPERCASE]$INFO[ListItem.Label][/UPPERCASE]</label>
					</control>
					<control type="label">
						<left>179</left>
						<width>533</width>
						<height>31</height>
						<font>FullMediaInfoFont2</font>
						<aligny>center</aligny>
						<textcolor>MediaInfoItemColor2</textcolor>
						<shadowcolor>ShadowColor</shadowcolor>
						<label fallback="31000">$INFO[ListItem.Label2]</label>
					</control>
				</focusedlayout>
				<content>
					<item id="1">
						<description>Artist</description>
						<label>$LOCALIZE[557]</label>
						<label2>$INFO[ListItem.Artist]</label2>
						<onclick condition="!System.HasAddon(script.libraryeditor) + !System.HasAddon(script.extendedinfo)">noop</onclick>				
						<onclick condition="System.HasAddon(script.libraryeditor) + System.HasAddon(script.extendedinfo)">Skin.SetString(DialogVideoInfoButtonMenu,artist)</onclick>
						<onclick condition="System.HasAddon(script.libraryeditor) + System.HasAddon(script.extendedinfo)">ActivateWindow(980)</onclick>
						<onclick condition="!System.HasAddon(script.libraryeditor) + System.HasAddon(script.extendedinfo)">RunScript(script.extendedinfo,info=extendedactorinfo,name=$INFO[ListItem.Artist])</onclick>
						<onclick condition="System.HasAddon(script.libraryeditor) + !System.HasAddon(script.extendedinfo)">RunScript(script.libraryeditor,DBID=$INFO[ListItem.DBID]&amp;tag=arr_artist&amp;type=Album)</onclick>				
						<visible>Container.Content(Albums)</visible>
					</item>
					<item id="2">
						<description>Type</description>
						<label>$LOCALIZE[564]</label>
						<label2>$INFO[ListItem.Property(Album_Type)]</label2>
						<onclick>noop</onclick>
						<!--<onclick condition="System.HasAddon(script.libraryeditor)">RunScript(script.libraryeditor,DBID=$INFO[ListItem.DBID]&amp;tag=type&amp;type=Album)</onclick>-->
						<visible>Container.Content(Albums)</visible>
					</item>
					<item id="3">
						<description>Record Label</description>
						<label>$LOCALIZE[21899]</label>
						<label2>$INFO[ListItem.Property(Album_Label)]</label2>
						<onclick condition="System.HasAddon(script.libraryeditor)">RunScript(script.libraryeditor,DBID=$INFO[ListItem.DBID]&amp;tag=albumlabel&amp;type=Album)</onclick>
						<onclick condition="!System.HasAddon(script.libraryeditor)">noop</onclick>
						<visible>Container.Content(Albums)</visible>
					</item>
					<item id="4">
						<description>Year</description>
						<label>$LOCALIZE[345]</label>
						<label2>$INFO[ListItem.Year]</label2>
						<onclick condition="System.HasAddon(script.libraryeditor)">RunScript(script.libraryeditor,DBID=$INFO[ListItem.DBID]&amp;tag=year&amp;type=Album)</onclick>
						<onclick condition="!System.HasAddon(script.libraryeditor)">noop</onclick>
						<visible>Container.Content(Albums)</visible>
					</item>
					<item id="5">
						<description>Moods</description>
						<label>$LOCALIZE[175]</label>
						<label2>$INFO[ListItem.Property(Album_Mood)]</label2>
						<onclick condition="System.HasAddon(script.libraryeditor)">RunScript(script.libraryeditor,DBID=$INFO[ListItem.DBID]&amp;tag=album_mood&amp;type=Album)</onclick>
						<onclick condition="!System.HasAddon(script.libraryeditor)">noop</onclick>
						<visible>Container.Content(Albums)</visible>
					</item>
					<item id="6">
						<description>Styles</description>
						<label>$LOCALIZE[176]</label>
						<label2>$INFO[ListItem.Property(Album_Style)]</label2>
						<onclick condition="System.HasAddon(script.libraryeditor)">RunScript(script.libraryeditor,DBID=$INFO[ListItem.DBID]&amp;tag=album_style&amp;type=Album)</onclick>
						<onclick condition="!System.HasAddon(script.libraryeditor)">noop</onclick>
						<visible>Container.Content(Albums)</visible>
					</item>
					<item id="7">
						<description>Themes</description>
						<label>$LOCALIZE[21895]</label>
						<label2>$INFO[ListItem.Property(Album_Theme)]</label2>
						<onclick condition="System.HasAddon(script.libraryeditor)">RunScript(script.libraryeditor,DBID=$INFO[ListItem.DBID]&amp;tag=themes&amp;type=Album)</onclick>
						<onclick condition="!System.HasAddon(script.libraryeditor)">noop</onclick>
						<visible>Container.Content(Albums)</visible>
					</item>
					<item id="8">
						<description>File Path</description>
						<label>$LOCALIZE[573]</label>
						<label2>$INFO[ListItem.FileNameAndPath]</label2>
						<onclick>noop</onclick>
						<visible>Container.Content(Albums)</visible>
					</item>				
					<item id="9">
						<description>Born</description>
						<label>$LOCALIZE[21893]</label>
						<label2>$INFO[ListItem.Property(Artist_Born)]</label2>
						<onclick condition="System.HasAddon(script.libraryeditor)">RunScript(script.libraryeditor,DBID=$INFO[ListItem.DBID]&amp;tag=born&amp;type=Artist)</onclick>
						<onclick condition="!System.HasAddon(script.libraryeditor)">noop</onclick>
						<visible>Container.Content(Artists)</visible>
					</item>
					<item id="10">
						<description>Formed</description>
						<label>$LOCALIZE[21894]</label>
						<label2>$INFO[ListItem.Property(Artist_Formed)]</label2>
						<onclick condition="System.HasAddon(script.libraryeditor)">RunScript(script.libraryeditor,DBID=$INFO[ListItem.DBID]&amp;tag=formed&amp;type=Artist)</onclick>
						<onclick condition="!System.HasAddon(script.libraryeditor)">noop</onclick>
						<visible>Container.Content(Artists)</visible>
					</item>
					<item id="11">
						<description>Died</description>
						<label>$LOCALIZE[21897]</label>
						<label2>$INFO[ListItem.Property(Artist_Died)]</label2>
						<onclick condition="System.HasAddon(script.libraryeditor)">RunScript(script.libraryeditor,DBID=$INFO[ListItem.DBID]&amp;tag=died&amp;type=Artist)</onclick>
						<onclick condition="!System.HasAddon(script.libraryeditor)">noop</onclick>
						<visible>!IsEmpty(ListItem.Property(Artist_Died)) + Container.Content(Artists)</visible>
					</item>
					<item id="12">
						<description>Disbanded</description>
						<label>$LOCALIZE[21896]</label>
						<label2>$INFO[ListItem.Property(Artist_Disbanded)]</label2>
						<onclick condition="System.HasAddon(script.libraryeditor)">RunScript(script.libraryeditor,DBID=$INFO[ListItem.DBID]&amp;tag=disbanded&amp;type=Artist)</onclick>
						<onclick condition="!System.HasAddon(script.libraryeditor)">noop</onclick>
						<visible>Container.Content(Artists)</visible>
					</item>
					<item id="13">
						<description>Years Active</description>
						<label>$LOCALIZE[21898]</label>
						<label2>$INFO[ListItem.Property(Artist_YearsActive)]</label2>
						<onclick condition="System.HasAddon(script.libraryeditor)">RunScript(script.libraryeditor,DBID=$INFO[ListItem.DBID]&amp;tag=yearsactive&amp;type=Artist)</onclick>
						<onclick condition="!System.HasAddon(script.libraryeditor)">noop</onclick>
						<visible>Container.Content(Artists)</visible>
					</item>			
					<item id="14">
						<description>Moods</description>
						<label>$LOCALIZE[175]</label>
						<label2>$INFO[ListItem.Property(Artist_Mood)]</label2>
						<onclick condition="System.HasAddon(script.libraryeditor)">RunScript(script.libraryeditor,DBID=$INFO[ListItem.DBID]&amp;tag=artist_mood&amp;type=Artist)</onclick>
						<onclick condition="!System.HasAddon(script.libraryeditor)">noop</onclick>
						<visible>Container.Content(Artists)</visible>
					</item>
					<item id="15">
						<description>Styles</description>
						<label>$LOCALIZE[176]</label>
						<label2>$INFO[ListItem.Property(Artist_Style)]</label2>
						<onclick condition="System.HasAddon(script.libraryeditor)">RunScript(script.libraryeditor,DBID=$INFO[ListItem.DBID]&amp;tag=artist_style&amp;type=Artist)</onclick>
						<onclick condition="!System.HasAddon(script.libraryeditor)">noop</onclick>
						<visible>Container.Content(Artists)</visible>
					</item>
					<item id="16">
						<description>Instruments</description>
						<label>$LOCALIZE[21892]</label>
						<label2>$INFO[ListItem.Property(Artist_Instrument)]</label2>
						<onclick condition="System.HasAddon(script.libraryeditor)">RunScript(script.libraryeditor,DBID=$INFO[ListItem.DBID]&amp;tag=instruments&amp;type=Artist)</onclick>
						<onclick condition="!System.HasAddon(script.libraryeditor)">noop</onclick>
						<visible>Container.Content(Artists)</visible>
					</item>
				</content>
			</control>
			
			<control type="image">
				<left>100</left>
				<top>640</top>
				<width>1080</width>
				<height>2</height>
				<animation effect="fade" end="30" condition="true">Conditional</animation>
				<texture>views/videoinfo-separator.png</texture>
			</control>
			
			<control type="textbox" id="4">
				<description>Album Description/Artist Bio Value</description>
				<left>100</left>
				<top>460</top>
				<width>1080</width>
				<height>165</height>
				<font>FullMediaInfoDescFont</font>
				<textcolor>MediaInfoColor</textcolor>
				<shadowcolor>ShadowColor</shadowcolor>
				<align>justify</align>
				<pagecontrol>61</pagecontrol>
				<visible>!Control.IsVisible(50)</visible>
				<autoscroll time="2000" delay="6000" repeat="10000">true</autoscroll>
				<include>ControlsOpenCloseAnim</include>
			</control>
			
			<control type="group" id="965">
				<control type="panel" id="50">
					<left>100</left>
					<top>470</top>
					<width>1080</width>
					<height>140</height>
					<viewtype label="">list</viewtype>
					<pagecontrol>61</pagecontrol>
					<scrolltime>200</scrolltime>
					<include>ControlsOpenCloseAnim</include>
					<onup>901</onup>
					<ondown condition="Control.IsVisible(61)">61</ondown>	
					<onleft>987</onleft>
					<onright condition="Control.IsVisible(61)">61</onright>
					<itemlayout condition="Container.Content(Albums)" height="35" width="360">		
						<control type="image">
							<left>5</left>
							<top>5</top>
							<width>24</width>
							<height>24</height>
							<texture background="true">DefaultAudio.png.png</texture>
						</control>
						<control type="label">
							<left>35</left>
							<width>320</width>
							<height>33</height>
							<font>FullMediaInfoDescFont</font>
							<textcolor>GreyColor2</textcolor>
							<selectedcolor>SelectedColor</selectedcolor>
							<shadowcolor>ShadowColor</shadowcolor>
							<align>left</align>
							<aligny>center</aligny>
							<label>$INFO[ListItem.TrackNumber,,.] $INFO[ListItem.Label]</label>
						</control>				
					</itemlayout>
					<focusedlayout condition="Container.Content(Albums)" height="35" width="360">					
						<control type="image">
							<width>360</width>
							<height>33</height>
							<texture border="4">views/list-focus.png</texture>
							<include>ListViewSelectFadeAnim</include>
						</control>
						<control type="image">
							<left>5</left>
							<top>5</top>
							<width>24</width>
							<height>24</height>
							<texture background="true">DefaultAudio.png.png</texture>
						</control>					
						<control type="label">
							<left>35</left>
							<width>320</width>
							<height>33</height>
							<font>FullMediaInfoDescFont</font>
							<textcolor>GreyColor2</textcolor>
							<selectedcolor>SelectedColor</selectedcolor>
							<shadowcolor>ShadowColor</shadowcolor>
							<align>left</align>
							<aligny>center</aligny>
							<label>$INFO[ListItem.TrackNumber,,.] $INFO[ListItem.Label]</label>
						</control>
					</focusedlayout>
					<itemlayout condition="Container.Content(Artists)" height="35" width="360">		
						<control type="image">
							<left>5</left>
							<top>5</top>
							<width>24</width>
							<height>24</height>
							<texture background="true">DefaultCdda.png.png</texture>
						</control>
						<control type="label">
							<left>35</left>
							<width>320</width>
							<height>33</height>
							<font>FullMediaInfoDescFont</font>
							<textcolor>GreyColor2</textcolor>
							<selectedcolor>SelectedColor</selectedcolor>
							<shadowcolor>ShadowColor</shadowcolor>
							<align>left</align>
							<aligny>center</aligny>
							<info>ListItem.Label</info>
						</control>				
					</itemlayout>
					<focusedlayout condition="Container.Content(Artists)" height="35" width="360">				
						<control type="image">
							<width>360</width>
							<height>33</height>
							<texture border="4">views/list-focus.png</texture>
							<include>ListViewSelectFadeAnim</include>
						</control>
						<control type="image">
							<left>5</left>
							<top>5</top>
							<width>24</width>
							<height>24</height>
							<texture background="true">DefaultCdda.png.png</texture>
						</control>
						<control type="label">
							<left>35</left>
							<width>320</width>
							<height>33</height>
							<font>FullMediaInfoDescFont</font>
							<textcolor>GreyColor2</textcolor>
							<selectedcolor>SelectedColor</selectedcolor>
							<shadowcolor>ShadowColor</shadowcolor>
							<align>left</align>
							<aligny>center</aligny>
							<info>ListItem.Label</info>
						</control>
					</focusedlayout>
				</control>
			</control>
			
			<control type="image">
				<top>651</top>
				<width>1280</width>
				<height>45</height>
				<align>center</align>
				<texture fallback="empty.png">$INFO[Skin.String(MusicLibraryClearLogosPath)]$INFO[ListItem.Artist,,/logo.png]</texture>
				<aspectratio>keep</aspectratio>
			</control>

			<control type="spincontrol" id="61">
				<description>Next Page</description>
				<left>1125</left>
				<top>659</top>
				<width>28</width>
				<height>28</height>
				<spinwidth>30</spinwidth>
				<spinheight>30</spinheight>
				<onup condition="Control.IsVisible(50)">50</onup>
				<onup condition="!Control.IsVisible(50)">901</onup>
				<onleft condition="Control.IsVisible(50)">50</onleft>
				<onleft condition="!Control.IsVisible(50)">901</onleft>
				<include>NotificationsOpenCloseAnim</include>
				<visible>[IntegerGreaterThan(Container(4).NumPages,1) + Control.IsVisible(4)] | [!StringCompare(Container(50).NumPages,1) + Control.IsVisible(50)]</visible>
			</control>
			
			<control type="group" id="505">
				<description>Menu Bar Area</description>
				<top>MenuBarOffsetY</top>
				<include>MenuBarImage</include>
				<include>MenuBarOpenCloseAnim2</include>
				<include>AlbumInfoMenuBar</include>
			</control>
			
			<control type="group">
				<description>Top Bar Area</description>
				<include>TopBarImage</include>
				<include>BreadCrumbMediaInfo</include>
				<include>Notifications</include>
			</control>
		</control>
	</controls>		
</window>