<?xml version="1.0" encoding="UTF-8"?>
<window id="128">
	<defaultcontrol always="true">10</defaultcontrol>
	<allowoverlay>no</allowoverlay>

	<coordinates>
		<system>1</system>
		<origin x="305" y="150">true</origin>
	</coordinates>
	
	<controls>	
		<control type="group">
			<include>NetworkSetupDialogBox</include>
			<include>DialogOpenCloseAnim</include>
			<animation effect="fade" start="100" end="0" time="250" condition="Window.IsActive(VirtualKeyboard)">Conditional</animation>
			
			<control type="label" id="2">
				<include>DialogTitle</include>
				<label>$LOCALIZE[1007]</label>
			</control>
			
			<control type="group">		
				<left>DialogMarginOffsetX</left>
				<top>DialogMarginOffsetY</top>
				
				<control type="spincontrolex" id="10">
					<description>Protocol Picker</description>
					<width>600</width>
					<height>35</height>
					<include>DialogContentLabel</include>
					<label>$LOCALIZE[1008]</label>
					<ondown>11</ondown>
					<onleft>9001</onleft>
					<onright>9001</onright>
				</control>	

				<control type="edit" id="11">
					<description>Server Name</description>
					<top>37</top>
					<width>475</width>
					<textwidth>459</textwidth>
					<include>DialogContentLabel</include>
					<onup>10</onup>
					<ondown>16</ondown>
					<onleft>9001</onleft>
					<onright>12</onright>
				</control>	
				
				<control type="button" id="12">
					<description>Server Browse</description>
					<left>480</left>
					<top>37</top>
					<include>DialogBtn</include>
					<label>$LOCALIZE[1024]</label>
					<onup>10</onup>
					<ondown>16</ondown>
					<onleft>11</onleft>
					<onright>9001</onright>
				</control>

				<control type="edit" id="16">
					<description>Shared Folder</description>
					<top>74</top>
					<width>600</width>
					<textwidth>584</textwidth>
					<include>DialogContentLabel</include>
					<onup>11</onup>
					<ondown>13</ondown>
					<onleft>9001</onleft>
					<onright>9001</onright>
				</control>	
		
				<control type="edit" id="13">
					<description>Port</description>
					<top>111</top>
					<width>600</width>
					<textwidth>584</textwidth>
					<include>DialogContentLabel</include>
					<onup>16</onup>
					<ondown>14</ondown>
					<onleft>9001</onleft>
					<onright>9001</onright>
				</control>
				
				<control type="edit" id="14">
					<description>Username</description>
					<top>148</top>
					<width>600</width>
					<textwidth>584</textwidth>
					<include>DialogContentLabel</include>
					<label>$LOCALIZE[1014]</label>
					<onup>13</onup>
					<ondown>15</ondown>
					<onleft>9001</onleft>
					<onright>9001</onright>
				</control>

				<control type="edit" id="15">
					<description>Password</description>
					<top>185</top>
					<width>600</width>
					<textwidth>584</textwidth>
					<include>DialogContentLabel</include>
					<label>$LOCALIZE[15052]</label>
					<onup>14</onup>
					<ondown>9001</ondown>
					<onleft>9001</onleft>
					<onright>9001</onright>
				</control>	
			</control>

			<control type="grouplist" id="9001">			
				<description>Dialog Button Area</description>				
				<left>165</left>
				<top>282</top>
				<itemgap>0</itemgap>
				<orientation>horizontal</orientation>	
				<onup>15</onup>
				<control type="button" id="18">
					<description>OK</description>
					<include>DialogMenuBarBtn</include>
					<label>$LOCALIZE[186]</label>
				</control>			
				<control type="button" id="19">
					<description>Cancel</description>
					<left>170</left>
					<include>DialogMenuBarBtn</include>
					<label>$LOCALIZE[222]</label>
				</control>
			</control>	
		</control>
	</controls>	
</window>