<?xml version="1.0" encoding="UTF-8"?>
<fonts>
	<fontset id="Default" idloc="31390">
		
		<font>
			<name>font13</name>
			<filename>default.ttf</filename>
			<size>16</size>
		</font>
		<font>
			<name>font18</name>
			<filename>default.ttf</filename>
			<size>17</size>
		</font>		
		<font>
			<name>DefaultHeadFont</name>
			<filename>default-bold-caps.ttf</filename>
			<size>16</size>
		</font>		
		<font>
			<name>DefaultFont</name>
			<filename>default.ttf</filename>
			<size>16</size>
		</font>
		<font>
			<name>DefaultFontB</name>
			<filename>default-bold.ttf</filename>
			<size>16</size>
		</font>
		
		<font>
			<name>IconFont</name>
			<filename>default-bold.ttf</filename>
			<size>16</size>
		</font>
		<font>
			<name>BigIconFont</name>
			<filename>default-bold.ttf</filename>
			<size>17</size>
		</font>
		<font>
			<name>ListFont</name>
			<filename>default-bold.ttf</filename>
			<size>16</size>
		</font>
		<font>
			<name>ListFont2</name>
			<filename>default.ttf</filename>
			<size>16</size>
		</font>
		<font>
			<name>ListFont3</name>
			<filename>default.ttf</filename>
			<size>13</size>
		</font>
		<font>
			<name>ListFont4</name>
			<filename>default.ttf</filename>
			<size>10</size>
		</font>
		<font>
			<name>ListFont5</name>
			<filename>default.ttf</filename>
			<size>14</size>
		</font>
		<font>
			<name>ListFont6</name>
			<filename>default.ttf</filename>
			<size>9</size>
		</font>
		<font>
			<name>WideListFont</name>
			<filename>default-bold-caps.ttf</filename>
			<size>16</size>
		</font>
		<font>
			<name>WideListFont2</name>
			<filename>default-caps.ttf</filename>
			<size>16</size>
		</font>
		<font>
			<name>WideListFont3</name>
			<filename>default.ttf</filename>
			<size>17</size>
		</font>
		<font>
			<name>WrapListFont</name>
			<filename>default-bold-caps.ttf</filename>
			<size>19</size>
		</font>
		<font>
			<name>WrapListRatingFont</name>
			<filename>default-bold-caps.ttf</filename>
			<size>26</size>
		</font>
		
		<font>
			<name>BreadCrumbFont</name>
			<filename>default-bold-caps.ttf</filename>
			<size>18</size>
		</font>
		<font>
			<name>NotificationFont</name>
			<filename>default-bold-caps.ttf</filename>
			<size>14</size>
		</font>	
		<font>
			<name>NowPlayingFont</name>
			<filename>default-bold-caps.ttf</filename>
			<size>14</size>
		</font>		
		<font>
			<name>NowPlayingFont2</name>
			<filename>default-bold-caps.ttf</filename>
			<size>14</size>
		</font>	
		
		<font>
			<name>MenuBarBtnFont</name>
			<filename>gui.ttf</filename>
			<size>12</size>
		</font>	
		<font>
			<name>MenuItemFont</name>
			<filename>gui.ttf</filename>
			<size>12</size>
		</font>
		<font>
			<name>MusicPlayingHomeFont</name>
			<filename>default-bold-caps.ttf</filename>
			<size>65</size>
		</font>
		
		<font>
			<name>FullMediaInfoTitleFont</name>
			<filename>default-caps.ttf</filename>
			<size>25</size>
		</font>
		<font>
			<name>FullMediaInfoTitleFont2</name>
			<filename>default-caps.ttf</filename>
			<size>19</size>
		</font>
		<font>
			<name>FullMediaInfoTitleFont3</name>
			<filename>default-caps.ttf</filename>
			<size>30</size>
		</font>
		<font>
			<name>FullMediaInfoFont</name>
			<filename>default-caps.ttf</filename>
			<size>17</size>
		</font>
		<font>
			<name>FullMediaInfoFont2</name>
			<filename>default-caps.ttf</filename>
			<size>17</size>
		</font>
		<font>
			<name>FullMediaInfoTaglineFont</name>
			<filename>default-caps.ttf</filename>
			<size>14</size>
		</font>
		<font>
			<name>FullMediaInfoDescFont</name>
			<filename>default.ttf</filename>
			<size>17</size>
		</font>
			
		<font>
			<name>MediaInfoFont</name>
			<filename>default-bold-caps.ttf</filename>
			<size>16</size>
		</font>		
		<font>
			<name>MediaInfoFont2</name>
			<filename>default-caps.ttf</filename>
			<size>16</size>
		</font>
		<font>
			<name>MediaInfoFont3</name>
			<filename>default-caps.ttf</filename>
			<aspect>0.85</aspect>
			<size>15</size>
		</font>
		<font>
			<name>MediaFlagSubtitleFont</name>
			<filename>default-bold-caps.ttf</filename>
			<aspect>0.90</aspect>
			<size>16</size>
		</font>
		<font>
			<name>MediaInfoDescFont</name>
			<filename>default.ttf</filename>
			<size>17</size>
		</font>
		<font>
			<name>DialogMediaInfoFont</name>
			<filename>default-bold-caps.ttf</filename>
			<size>15</size>
		</font>
		
		<font>
			<name>PanelTitleFont</name>
			<filename>default-bold-caps.ttf</filename>
			<size>19</size>
		</font>
		<font>
			<name>PanelInfoHeadFont</name>
			<filename>default-bold-caps.ttf</filename>
			<size>17</size>
		</font>
		<font>
			<name>PanelInfoFont</name>
			<filename>default-bold-caps.ttf</filename>
			<size>15</size>
		</font>
		<font>
			<name>PanelStatsFont</name>
			<filename>default-bold-caps.ttf</filename>
			<size>13</size>
		</font>
			
		<font>
			<name>FSInfoTitleFont</name>
			<filename>default-bold-caps.ttf</filename>
			<size>25</size>
		</font>
		<font>
			<name>PausedFont</name>
			<filename>default-bold-caps.ttf</filename>
			<size>85</size>
		</font>
		<font>
			<name>FSInfoFont</name>
			<filename>default-caps.ttf</filename>
			<size>16</size>
		</font>
		<font>
			<name>FSInfoFont2</name>
			<filename>default-caps.ttf</filename>
			<size>16</size>
		</font>
		<font>
			<name>OSDFont</name>
			<filename>default-bold.ttf</filename>
			<size>19</size>
		</font>
		
		<font>
			<name>InfoPaneFont</name>
			<filename>default-bold-caps.ttf</filename>
			<size>15</size>
		</font>		
		<font>
			<name>InfoPaneFont2</name>
			<filename>default-bold-caps.ttf</filename>
			<size>15</size>
		</font>	
		
		<font>
			<name>WeatherCurrentDayFont</name>
			<filename>default-bold-caps.ttf</filename>
			<size>24</size>
		</font>
		<font>
			<name>WeatherWeekDayFont</name>
			<filename>default-bold-caps.ttf</filename>
			<size>18</size>
		</font>
		<font>
			<name>WeatherCurrentTempFont</name>
			<filename>default-bold-caps.ttf</filename>
			<size>56</size>
		</font>
		<font>
			<name>WeatherCurrentConditionFont</name>
			<filename>default-bold-caps.ttf</filename>
			<size>22</size>
		</font>
		<font>
			<name>WeatherCurrentReadingFont</name>
			<filename>default-bold.ttf</filename>
			<size>20</size>
		</font>
		<font>
			<name>WeatherCurrentReadingFont2</name>
			<filename>default.ttf</filename>
			<size>20</size>
		</font>
		<font>
			<name>WeatherReadingFont</name>
			<filename>default-bold.ttf</filename>
			<size>18</size>
		</font>
		<font>
			<name>WeatherConditionFont</name>
			<filename>default-bold.ttf</filename>
			<size>18</size>
		</font>
		<font>
			<name>WeatherHeaderFont</name>
			<filename>default-bold-caps.ttf</filename>
			<size>16</size>
		</font>
		
		<font>
			<name>NextAiredDayFont</name>
			<filename>default-bold-caps.ttf</filename>
			<size>22</size>
		</font>
		<font>
			<name>NextAiredDateFont</name>
			<filename>default-bold-caps.ttf</filename>
			<size>16</size>
		</font>
		<font>
			<name>NextAiredTimeFont</name>
			<filename>default-bold-caps.ttf</filename>
			<size>14</size>
		</font>
		
		<font>
			<name>HomeSubMenuBtnFont</name>
			<filename>gui.ttf</filename>
			<size>13</size>
		</font>	
		<font>
			<name>DialogTitleFont</name>
			<filename>gui.ttf</filename>
			<size>16</size>
		</font>	
		<font>
			<name>DialogHeadFont</name>
			<filename>default-bold-caps.ttf</filename>
			<size>14</size>
		</font>
		<font>
			<name>ButtonFont</name>
			<filename>gui.ttf</filename>
			<size>12</size>
		</font>
		<font>
			<name>ButtonFont2</name>
			<filename>default-bold.ttf</filename>
			<size>16</size>
		</font>
		<font>
			<name>ProfileNameFont</name>
			<filename>gui.ttf</filename>
			<size>24</size>
		</font>
		<font>
			<name>SubMenuArrowFont</name>
			<filename>default-caps.ttf</filename>
			<size>12</size>
		</font>
		<font>
			<name>SettingsCatFont</name>
			<filename>default-bold-caps.ttf</filename>
			<size>18</size>
		</font>
		<font>
			<name>SettingsHeadFont</name>
			<filename>default-bold-caps.ttf</filename>
			<size>16</size>
		</font>
		<font>
			<name>SettingsContentFont</name>
			<filename>default-caps.ttf</filename>
			<size>15</size>
		</font>
		<font>
			<name>SettingsContentFont2</name>
			<filename>default.ttf</filename>
			<size>15</size>
		</font>
		<font>
			<name>ScreenCalibrationFont</name>
			<filename>gui.ttf</filename>
			<size>20</size>
		</font>	
		<font>
			<name>SortLetterFont</name>
			<filename>gui.ttf</filename>
			<size>20</size>
		</font>
		<font>
			<name>KaraokeFont</name>
			<filename>default-caps.ttf</filename>
			<size>20</size>
		</font>
		<font>
			<name>KaraokeFont2</name>
			<filename>default-caps.ttf</filename>
			<size>17</size>
		</font>
		<font>
			<name>SpinControlFont</name>
			<filename>gui.ttf</filename>
			<size>12</size>
		</font>
		<font>
			<name>RSSFont</name>
			<filename>default-caps.ttf</filename>
			<size>18</size>
		</font>
		<font>
			<name>FileManagerInfoFont</name>
			<filename>default.ttf</filename>
			<size>17</size>
		</font>
		<font>
			<name>calendar45caps_title</name>
			<filename>calendarTitleCaps.ttf</filename>
			<size>45</size>
		</font>
		<font>
			<name>calendar30caps_title</name>
			<filename>calendarTitleCaps.ttf</filename>
			<size>30</size>
		</font>
		<font>
			<name>calendar25caps_title</name>
			<filename>calendarTitleCaps.ttf</filename>
			<size>25</size>
		</font>
		<font>
			<name>calendar12_title</name>
			<filename>calendarTitle.ttf</filename>
			<size>12</size>
		</font>
		<font>
			<name>calendar16</name>
			<filename>calendarDefaultCaps.ttf</filename>
			<size>16</size>
		</font>
		<font>
			<name>calendar15</name>
			<filename>calendarDefaultCaps.ttf</filename>
			<size>15</size>
		</font>
		<font>
			<name>calendar14</name>
			<filename>calendarDefaultCaps.ttf</filename>
			<size>14</size>
		</font>
		<font>
			<name>calendar12</name>
			<filename>calendarDefaultCaps.ttf</filename>
			<size>12</size>
		</font>
		<font>
			<name>calendar10</name>
			<filename>calendarDefaultCaps.ttf</filename>
			<size>10</size>
		</font>
	</fontset>

	<fontset id="Arial" unicode="true">
		
		<font>
			<name>font13</name>
			<filename>arial.ttf</filename>
			<size>15</size>
		</font>
		<font>
			<name>font18</name>
			<filename>arial.ttf</filename>
			<size>16</size>
		</font>		
		<font>
			<name>DefaultHeadFont</name>
			<filename>arial-caps.ttf</filename>
			<style>bold</style>
			<size>15</size>
		</font>		
		<font>
			<name>DefaultFont</name>
			<filename>arial.ttf</filename>
			<size>15</size>
		</font>
		<font>
			<name>DefaultFontB</name>
			<filename>arial.ttf</filename>
			<style>bold</style>
			<size>15</size>
		</font>
		
		<font>
			<name>IconFont</name>
			<filename>arial.ttf</filename>
			<style>bold</style>
			<size>15</size>
		</font>
		<font>
			<name>BigIconFont</name>
			<filename>arial.ttf</filename>
			<style>bold</style>
			<size>16</size>
		</font>
		<font>
			<name>ListFont</name>
			<filename>arial.ttf</filename>
			<style>bold</style>
			<size>15</size>
		</font>
		<font>
			<name>ListFont2</name>
			<filename>arial.ttf</filename>
			<size>15</size>
		</font>
		<font>
			<name>ListFont3</name>
			<filename>arial.ttf</filename>
			<size>12</size>
		</font>
		<font>
			<name>ListFont4</name>
			<filename>arial.ttf</filename>
			<size>9</size>
		</font>
		<font>
			<name>ListFont5</name>
			<filename>arial.ttf</filename>
			<size>13</size>
		</font>
		<font>
			<name>ListFont6</name>
			<filename>arial.ttf</filename>
			<size>8</size>
		</font>
		<font>
			<name>WideListFont</name>
			<filename>arial-caps.ttf</filename>
			<style>bold</style>
			<size>15</size>
		</font>
		<font>
			<name>WideListFont2</name>
			<filename>arial-caps.ttf</filename>
			<size>15</size>
		</font>
		<font>
			<name>WideListFont3</name>
			<filename>arial.ttf</filename>
			<size>16</size>
		</font>
		<font>
			<name>WrapListFont</name>
			<filename>arial-caps.ttf</filename>
			<style>bold</style>
			<size>18</size>
		</font>
		<font>
			<name>WrapListRatingFont</name>
			<filename>arial-caps.ttf</filename>
			<style>bold</style>
			<size>25</size>
		</font>
		
		<font>
			<name>BreadCrumbFont</name>
			<filename>arial-caps.ttf</filename>
			<style>bold</style>
			<aspect>0.90</aspect>
			<size>17</size>
		</font>
		<font>
			<name>NotificationFont</name>
			<filename>arial-caps.ttf</filename>
			<style>bold</style>
			<aspect>0.90</aspect>
			<size>13</size>
		</font>	
		<font>
			<name>NowPlayingFont</name>
			<filename>arial-caps.ttf</filename>
			<style>bold</style>
			<aspect>0.90</aspect>
			<size>13</size>
		</font>		
		<font>
			<name>NowPlayingFont2</name>
			<filename>arial-caps.ttf</filename>
			<style>bold</style>
			<aspect>0.90</aspect>
			<size>13</size>
		</font>	
		
		<font>
			<name>MenuBarBtnFont</name>
			<filename>arial-caps.ttf</filename>
			<style>bold</style>
			<size>12</size>
		</font>	
		<font>
			<name>MenuItemFont</name>
			<filename>arial-caps.ttf</filename>
			<style>bold</style>
			<size>12</size>
		</font>
		<font>
			<name>MusicPlayingHomeFont</name>
			<filename>default-bold-caps.ttf</filename>
			<size>64</size>
		</font>
		
		<font>
			<name>FullMediaInfoTitleFont</name>
			<filename>arial-caps.ttf</filename>
			<size>24</size>
		</font>
		<font>
			<name>FullMediaInfoTitleFont2</name>
			<filename>arial-caps.ttf</filename>
			<size>18</size>
		</font>
		<font>
			<name>FullMediaInfoTitleFont3</name>
			<filename>arial-caps.ttf</filename>
			<size>29</size>
		</font>
		<font>
			<name>FullMediaInfoFont</name>
			<filename>arial-caps.ttf</filename>
			<size>16</size>
		</font>
		<font>
			<name>FullMediaInfoFont2</name>
			<filename>arial-caps.ttf</filename>
			<size>16</size>
		</font>
		<font>
			<name>FullMediaInfoTaglineFont</name>
			<filename>arial-caps.ttf</filename>
			<size>13</size>
		</font>
		<font>
			<name>FullMediaInfoDescFont</name>
			<filename>arial.ttf</filename>
			<size>16</size>
		</font>
			
		<font>
			<name>MediaInfoFont</name>
			<filename>arial-caps.ttf</filename>
			<style>bold</style>
			<size>15</size>
		</font>		
		<font>
			<name>MediaInfoFont2</name>
			<filename>arial-caps.ttf</filename>
			<size>15</size>
		</font>
		<font>
			<name>MediaInfoFont3</name>
			<filename>arial-caps.ttf</filename>
			<aspect>0.85</aspect>
			<size>14</size>
		</font>
		<font>
			<name>MediaFlagSubtitleFont</name>
			<filename>arial-caps.ttf</filename>
			<aspect>0.90</aspect>
			<size>15</size>
		</font>
		<font>
			<name>MediaInfoDescFont</name>
			<filename>arial.ttf</filename>
			<size>16</size>
		</font>
		<font>
			<name>DialogMediaInfoFont</name>
			<filename>arial-caps.ttf</filename>
			<style>bold</style>
			<size>14</size>
		</font>
		
		<font>
			<name>PanelTitleFont</name>
			<filename>arial-caps.ttf</filename>
			<style>bold</style>
			<size>18</size>
		</font>
		<font>
			<name>PanelInfoHeadFont</name>
			<filename>arial-caps.ttf</filename>
			<style>bold</style>
			<size>16</size>
		</font>
		<font>
			<name>PanelInfoFont</name>
			<filename>arial-caps.ttf</filename>
			<style>bold</style>
			<size>14</size>
		</font>
		<font>
			<name>PanelStatsFont</name>
			<filename>arial-caps.ttf</filename>
			<style>bold</style>
			<size>12</size>
		</font>
			
		<font>
			<name>FSInfoTitleFont</name>
			<filename>arial-caps.ttf</filename>
			<style>bold</style>
			<size>24</size>
		</font>
		<font>
			<name>FSInfoFont</name>
			<filename>arial-caps.ttf</filename>
			<size>15</size>
		</font>
		<font>
			<name>FSInfoFont2</name>
			<filename>arial-caps.ttf</filename>
			<size>15</size>
		</font>
		<font>
			<name>OSDFont</name>
			<filename>arial.ttf</filename>
			<style>bold</style>
			<size>18</size>
		</font>
		<font>
			<name>PausedFont</name>
			<filename>arial-caps.ttf</filename>
			<size>82</size>
		</font>
		
		<font>
			<name>InfoPaneFont</name>
			<filename>arial-caps.ttf</filename>
			<style>bold</style>
			<size>14</size>
		</font>		
		<font>
			<name>InfoPaneFont2</name>
			<filename>arial-caps.ttf</filename>
			<style>bold</style>
			<size>14</size>
		</font>	
		
		<font>
			<name>WeatherCurrentDayFont</name>
			<filename>arial-caps.ttf</filename>
			<style>bold</style>
			<size>23</size>
		</font>
		<font>
			<name>WeatherWeekDayFont</name>
			<filename>arial-caps.ttf</filename>
			<style>bold</style>
			<size>17</size>
		</font>
		<font>
			<name>WeatherCurrentTempFont</name>
			<filename>arial-caps.ttf</filename>
			<style>bold</style>
			<size>55</size>
		</font>
		<font>
			<name>WeatherCurrentConditionFont</name>
			<filename>arial-caps.ttf</filename>
			<style>bold</style>
			<size>21</size>
		</font>
		<font>
			<name>WeatherCurrentReadingFont</name>
			<filename>arial.ttf</filename>
			<style>bold</style>
			<size>19</size>
		</font>
		<font>
			<name>WeatherReadingFont</name>
			<filename>arial.ttf</filename>
			<style>bold</style>
			<size>17</size>
		</font>
		<font>
			<name>WeatherConditionFont</name>
			<filename>arial.ttf</filename>
			<style>bold</style>
			<size>17</size>
		</font>
		<font>
			<name>WeatherHeaderFont</name>
			<filename>arial-caps.ttf</filename>
			<style>bold</style>
			<size>15</size>
		</font>
		
		<font>
			<name>NextAiredDayFont</name>
			<filename>arial-caps.ttf</filename>
			<style>bold</style>
			<size>21</size>
		</font>
		<font>
			<name>NextAiredDateFont</name>
			<filename>arial-caps.ttf</filename>
			<style>bold</style>
			<size>15</size>
		</font>
		<font>
			<name>NextAiredTimeFont</name>
			<filename>arial-caps.ttf</filename>
			<style>bold</style>
			<size>13</size>
		</font>
		
		<font>
			<name>HomeSubMenuBtnFont</name>
			<filename>arial-caps.ttf</filename>
			<style>bold</style>
			<size>13</size>
		</font>	
		<font>
			<name>DialogTitleFont</name>
			<filename>arial-caps.ttf</filename>
			<style>bold</style>
			<size>16</size>
		</font>	
		<font>
			<name>DialogHeadFont</name>
			<filename>arial-caps.ttf</filename>
			<style>bold</style>
			<size>13</size>
		</font>
		<font>
			<name>ButtonFont</name>
			<filename>arial-caps.ttf</filename>
			<style>bold</style>
			<size>12</size>
		</font>
		<font>
			<name>ButtonFont2</name>
			<filename>arial.ttf</filename>
			<style>bold</style>
			<size>15</size>
		</font>
		<font>
			<name>ProfileNameFont</name>
			<filename>arial-caps.ttf</filename>
			<style>bold</style>
			<size>24</size>
		</font>
		<font>
			<name>SubMenuArrowFont</name>
			<filename>arial-caps.ttf</filename>
			<size>11</size>
		</font>
		<font>
			<name>SettingsCatFont</name>
			<filename>arial-caps.ttf</filename>
			<style>bold</style>
			<size>17</size>
		</font>
		<font>
			<name>SettingsHeadFont</name>
			<filename>arial-caps.ttf</filename>
			<style>bold</style>
			<size>15</size>
		</font>
		<font>
			<name>SettingsContentFont</name>
			<filename>arial-caps.ttf</filename>
			<size>14</size>
		</font>
		<font>
			<name>SettingsContentFont2</name>
			<filename>arial.ttf</filename>
			<size>14</size>
		</font>
		<font>
			<name>ScreenCalibrationFont</name>
			<filename>arial-caps.ttf</filename>
			<style>bold</style>
			<size>20</size>
		</font>	
		<font>
			<name>SortLetterFont</name>
			<filename>arial-caps.ttf</filename>
			<style>bold</style>
			<size>20</size>
		</font>
		<font>
			<name>KaraokeFont</name>
			<filename>arial-caps.ttf</filename>
			<size>19</size>
		</font>
		<font>
			<name>KaraokeFont2</name>
			<filename>arial-caps.ttf</filename>
			<size>16</size>
		</font>
		<font>
			<name>SpinControlFont</name>
			<filename>arial-caps.ttf</filename>
			<style>bold</style>
			<size>12</size>
		</font>
		<font>
			<name>RSSFont</name>
			<filename>arial-caps.ttf</filename>
			<style>bold</style>
			<aspect>0.90</aspect>
			<size>17</size>
		</font>
		<font>
			<name>FileManagerInfoFont</name>
			<filename>arial.ttf</filename>
			<size>16</size>
		</font>
		<font>
			<name>calendar45caps_title</name>
			<filename>Arial.ttf</filename>
			<size>45</size>
		</font>
		<font>
			<name>calendar30caps_title</name>
			<filename>Arial.ttf</filename>
			<size>30</size>
		</font>
		<font>
			<name>calendar25caps_title</name>
			<filename>Arial.ttf</filename>
			<size>25</size>
		</font>
		<font>
			<name>calendar12_title</name>
			<filename>Arial.ttf</filename>
			<size>12</size>
		</font>
		<font>
			<name>calendar16</name>
			<filename>Arial.ttf</filename>
			<size>16</size>
		</font>
		<font>
			<name>calendar15</name>
			<filename>Arial.ttf</filename>
			<size>15</size>
		</font>
		<font>
			<name>calendar14</name>
			<filename>Arial.ttf</filename>
			<size>14</size>
		</font>
		<font>
			<name>calendar12</name>
			<filename>Arial.ttf</filename>
			<size>12</size>
		</font>
		<font>
			<name>calendar10</name>
			<filename>Arial.ttf</filename>
			<size>10</size>
		</font>
	</fontset>
</fonts>