<?xml version="1.0" encoding="UTF-8"?>
<includes>
	<variable name="PVRBreadCrumbLabel">
		<value condition="Window.IsActive(TVChannels) | Window.IsActive(RadioChannels)">$LOCALIZE[19019]</value>
		<value condition="Window.IsActive(TVGuide) | Window.IsActive(RadioGuide)">$LOCALIZE[22020]</value>
		<value condition="Window.IsActive(TVRecordings) | Window.IsActive(RadioRecordings)">$LOCALIZE[19017]</value>
		<value condition="Window.IsActive(TVSearch) | Window.IsActive(RadioSearch)">$LOCALIZE[137]</value>
		<value condition="Window.IsActive(TVTimers) | Window.IsActive(RadioTimers)">$LOCALIZE[19040]</value>
	</variable>
	
	<variable name="MusicLibraryBreadCrumbsLabel">
		<value condition="[Substring(Container.FolderPath,musicdb://albums/) | Container.Content(Songs) | Substring(Container.FolderPath,/-1/,Right)] + ![StringCompare(Container.FolderPath,musicdb://singles/) | StringCompare(Container.FolderPath,musicdb://songs/) | StringCompare(Container.FolderPath,musicdb://top100/songs/) | Substring(Container.FolderPath,.m3u,Right)]">$LOCALIZE[132]</value>
		<value condition="Substring(Container.FolderPath,musicdb://songs/) + !Substring(Container.FolderPath,.m3u,Right)">$LOCALIZE[134]</value>
		<value condition="StringCompare(Container.FolderPath,musicdb://artists/) | [Container.Content(Albums) + [Substring(Container.FolderPath,musicdb://genres/) | Substring(Container.FolderPath,musicdb://artists/)]]">$LOCALIZE[133]</value>
		<value condition="Substring(Container.FolderPath,videodb://musicvideos/)">$LOCALIZE[20389]</value>
		<value condition="Container.Content(Addons) | Substring(Container.FolderPath,plugin:)">$LOCALIZE[24001]</value>
		<value condition="!Container.Content(Albums) + !Container.Content(Songs) + Substring(Container.FolderPath,musicdb://genres/)">$LOCALIZE[135]</value>
		<value condition="!Container.Content(Songs) + Substring(Container.FolderPath,musicdb://years/) + !Substring(Container.FolderPath,/-1/,Right)">$LOCALIZE[652]</value>
		<value condition="StringCompare(Container.FolderPath,musicdb://top100/) | StringCompare(Container.FolderPath,musicdb://top100/albums/-1/)">$LOCALIZE[271]</value>
		<value condition="StringCompare(Container.FolderPath,musicdb://recentlyaddedalbums/)">$LOCALIZE[359]</value>
		<value condition="StringCompare(Container.FolderPath,musicdb://recentlyplayedalbums/)">$LOCALIZE[517]</value>
		<value condition="StringCompare(Container.FolderPath,musicdb://compilations/)">$LOCALIZE[521]</value>
		<value condition="Substring(Container.FolderPath,musicdb://singles/)">$LOCALIZE[1050]</value>
		<value condition="StringCompare(Container.FolderPath,special://musicplaylists/) | Substring(Container.FolderPath,.m3u,Right)">$LOCALIZE[136]</value>
	</variable>
	
	<variable name="ExtendedInfoDialogVideoInfoLabel">
		<value condition="SubString(Window.Property(type),movie)">$LOCALIZE[20342]</value>
		<value condition="SubString(Window.Property(type),tvshow)">$LOCALIZE[20343]</value>
		<value condition="SubString(Window.Property(type),episode)">$LOCALIZE[20360]</value>
		<value condition="SubString(Window.Property(type),season)">$LOCALIZE[33054]</value>
	</variable>
	
	<include name="BreadCrumbHomeIcon">	
		<top>12</top>
		<width>20</width>
		<height>20</height>
		<texturenofocus>gui/breadcrumb-home-nofocus.png</texturenofocus>
		<texturefocus>gui/breadcrumb-home-focus.png</texturefocus>
		<onright condition="Window.IsActive(MovieInformation) | Window.IsActive(AddonInformation) | Window.IsActive(MusicInformation)">987</onright>
		<onright condition="!Window.IsActive(MovieInformation) + !Window.IsActive(AddonInformation) + !Window.IsActive(MusicInformation)">850</onright>
		<ondown condition="Window.IsActive(MovieInformation) | Window.IsActive(AddonInformation) | Window.IsActive(MusicInformation)">987</ondown>
		<ondown condition="!Window.IsActive(MovieInformation) + !Window.IsActive(AddonInformation) + !Window.IsActive(MusicInformation)">850</ondown>
		<onclick>Dialog.Close(all,true)</onclick>
		<onclick>ActivateWindow(Home)</onclick>
	</include>
	
	<include name="BreadCrumbSeparator">
		<top>10</top>
		<width>12</width>
		<height>23</height>
		<texture>gui/breadcrumb-separator.png</texture>
		<aspectratio>stretch</aspectratio>
		<animation effect="fade" end="35" condition="true">conditional</animation>
	</include>
	
	<include name="BreadCrumbLabel">
	    <width min="10" max="350">auto</width>
		<height>42</height>
		<font>BreadCrumbFont</font>
		<textcolor>BreadCrumbColor</textcolor>
		<aligny>center</aligny>
		<scroll>false</scroll>
	</include>
	
	<variable name="BreadCrumbTVShowTitleLabel">
		<value condition="!IsEmpty(ListItem.TVShowTitle)">[UPPERCASE][B]$INFO[ListItem.TVShowTitle][/B][/UPPERCASE]</value>
		<value condition="IsEmpty(ListItem.TVShowTitle)">[UPPERCASE][B]$INFO[ListItem(-1).TVShowTitle][/B][/UPPERCASE]</value>
	</variable>
	
	<include name="BreadCrumbVideoLibrary">	
		<control type="grouplist">
			<left>10</left>
			<top>StatusBartop</top>
			<height>43</height>
			<width>740</width>
			<itemgap>8</itemgap>
			<orientation>horizontal</orientation>
			<usecontrolcoords>true</usecontrolcoords>
			<visible>!Window.IsActive(MovieInformation)</visible>
			<control type="button" id="555">
				<include>BreadCrumbHomeIcon</include>
				<include>BreadCrumbSlideLvl1Anim</include>
			</control>
			<control type="image">
				<include>BreadCrumbSeparator</include>
				<include>BreadCrumbSlideLvl1Anim</include>
			</control>
			<control type="label" id="5501">
				<description>Videos</description>
				<include>BreadCrumbLabel</include>
				<label>[UPPERCASE][B]$LOCALIZE[3][/B][/UPPERCASE]</label>
				<visible>StringCompare(Container.FolderPath,sources://video/) | IsEmpty(Container.FolderPath) | Container.Content(Files) | Container.Content(Addons) | Substring(Container.FolderPath,plugin:)
				| [Substring(Container.FolderPath,.xsp,Right) + !SubString(Container.FolderPath,special://skin/extras/playlists/,Left)]</visible>
				<include>BreadCrumbSlideLvl2Anim</include>
			</control>		
			<control type="label" id="5502">
				<description>Movies</description>
				<include>BreadCrumbLabel</include>
				<label>[UPPERCASE][B]$LOCALIZE[20342][/B][/UPPERCASE]</label>
				<visible>Substring(Container.FolderPath,videodb://movies/) + ![Substring(Container.FolderPath,.xsp,Right) | Substring(Container.FolderPath,plugin:)]</visible>
				<include>BreadCrumbSlideLvl2Anim</include>
			</control>			
			<control type="label" id="5503">
				<description>TV Shows</description>
				<include>BreadCrumbLabel</include>
				<label>[UPPERCASE][B]$LOCALIZE[20343][/B][/UPPERCASE]</label>
				<visible>Substring(Container.FolderPath,videodb://tvshows/) + ![Substring(Container.FolderPath,.xsp,Right) | Substring(Container.FolderPath,plugin:)]</visible>
				<include>BreadCrumbSlideLvl2Anim</include>
			</control>		
			<control type="label" id="5504">
				<description>Music Videos</description>
				<include>BreadCrumbLabel</include>
				<label>[UPPERCASE][B]$LOCALIZE[20389][/B][/UPPERCASE]</label>
				<visible>Substring(Container.FolderPath,videodb://musicvideos/) + ![Substring(Container.FolderPath,.xsp,Right) | Substring(Container.FolderPath,plugin:)]</visible>
				<include>BreadCrumbSlideLvl2Anim</include>
			</control>
			<control type="image">
				<include>BreadCrumbSeparator</include>
				<include>BreadCrumbSlideLvl2Anim</include>
				<visible>Control.IsVisible(5501) | Control.IsVisible(5502) | Control.IsVisible(5503) | Control.IsVisible(5504)</visible>
			</control>
			<control type="label" id="5505">
				<description>Files</description>
				<include>BreadCrumbLabel</include>
				<label>[UPPERCASE][B]$LOCALIZE[1214][/B][/UPPERCASE]</label>
				<visible>[StringCompare(Container.FolderPath,sources://video/) | Container.Content(Videos,Files)] + ![IsEmpty(Container.FolderPath) | Substring(Container.FolderPath,special://videoplaylists/)
				| Substring(Container.FolderPath,plugin:)]</visible>
				<include>BreadCrumbSlideLvl3Anim</include>
			</control>	
			<control type="label" id="5524">
				<description>Library</description>
				<include>BreadCrumbLabel</include>
				<label>[UPPERCASE][B]$LOCALIZE[14022][/B][/UPPERCASE]</label>
				<visible>Substring(Container.FolderPath,videodb://movies/,Right) | Substring(Container.FolderPath,videodb://tvshows/,Right) | IsEmpty(Container.FolderPath)</visible>
				<include>BreadCrumbSlideLvl3Anim</include>
			</control>
			<control type="label" id="5506">
				<description>Playlists</description>
				<include>BreadCrumbLabel</include>
				<label>[UPPERCASE][B]$LOCALIZE[136][/B][/UPPERCASE]</label>
				<visible>[Window.IsActive(videoplaylist) | Substring(Container.FolderPath,.xsp) | Substring(Container.FolderPath,special://videoplaylists/)] + !SubString(Container.FolderPath,special://skin/extras/playlists/,Left)</visible>
				<include>BreadCrumbSlideLvl3Anim</include>
			</control>
			<control type="label" id="5507">
				<description>Add-ons</description>
				<include>BreadCrumbLabel</include>
				<label>[UPPERCASE][B]$LOCALIZE[24001][/B][/UPPERCASE]</label>
				<visible>Container.Content(Addons) | Substring(Container.FolderPath,plugin:)</visible>
				<include>BreadCrumbSlideLvl3Anim</include>
			</control>
			<control type="label" id="5508">
				<description>Genres</description>
				<include>BreadCrumbLabel</include>
				<label>[UPPERCASE][B]$LOCALIZE[135][/B][/UPPERCASE]</label>
				<visible>!Container.Content(Episodes) + !Container.Content(Seasons) + [Substring(Container.FolderPath,videodb://movies/genres/) | Substring(Container.FolderPath,videodb://tvshows/genres/) | Substring(Container.FolderPath,videodb://musicvideos/1/)]</visible>
				<include>BreadCrumbSlideLvl3Anim</include>
			</control>
			<control type="label" id="5509">
				<description>Years</description>
				<include>BreadCrumbLabel</include>
				<label>[UPPERCASE][B]$LOCALIZE[652][/B][/UPPERCASE]</label>
				<visible>!Container.Content(Episodes) + [Substring(Container.FolderPath,videodb://movies/years/) | Substring(Container.FolderPath,videodb://tvshows/years/) | Substring(Container.FolderPath,videodb://musicvideos/3/)]</visible>
				<include>BreadCrumbSlideLvl3Anim</include>
			</control>			
			<control type="label" id="5510">
				<description>Actors</description>
				<include>BreadCrumbLabel</include>
				<label>[UPPERCASE][B]$LOCALIZE[344][/B][/UPPERCASE]</label>
				<visible>!Container.Content(Episodes) + [Substring(Container.FolderPath,videodb://movies/actors/) | Substring(Container.FolderPath,videodb://tvshows/actors/)]</visible>
				<include>BreadCrumbSlideLvl3Anim</include>
			</control>			
			<control type="label" id="5511">
				<description>Artists</description>
				<include>BreadCrumbLabel</include>
				<label>[UPPERCASE][B]$LOCALIZE[133][/B][/UPPERCASE]</label>
				<visible>!Container.Content(MusicVideos) + Substring(Container.FolderPath,videodb://musicvideos/4/)</visible>
				<include>BreadCrumbSlideLvl3Anim</include>
			</control>			
			<control type="label" id="5512">
				<description>Albums</description>
				<include>BreadCrumbLabel</include>
				<label>[UPPERCASE][B]$LOCALIZE[132][/B][/UPPERCASE]</label>
				<visible>Substring(Container.FolderPath,videodb://musicvideos/5/) | [Container.Content(MusicVideos) + Substring(Container.FolderPath,videodb://musicvideos/4/)]</visible>
				<include>BreadCrumbSlideLvl3Anim</include>
			</control>			
			<control type="label" id="5513">
				<description>Directors</description>
				<include>BreadCrumbLabel</include>
				<label>[UPPERCASE][B]$LOCALIZE[20348][/B][/UPPERCASE]</label>
				<visible>Substring(Container.FolderPath,videodb://movies/directors/) | Substring(Container.FolderPath,videodb://musicvideos/6/)</visible>
				<include>BreadCrumbSlideLvl3Anim</include>
			</control>			
			<control type="label" id="5514">
				<description>Studios</description>
				<include>BreadCrumbLabel</include>
				<label>[UPPERCASE][B]$LOCALIZE[20388][/B][/UPPERCASE]</label>
				<visible>!Container.Content(Episodes) + [Substring(Container.FolderPath,videodb://movies/studios/) | Substring(Container.FolderPath,videodb://tvshows/studios/) | Substring(Container.FolderPath,videodb://musicvideos/7/)]</visible>
				<include>BreadCrumbSlideLvl3Anim</include>
			</control>
			<control type="label" id="5515">
				<description>Countries</description>
				<include>BreadCrumbLabel</include>
				<label>[UPPERCASE][B]$LOCALIZE[20451][/B][/UPPERCASE]</label>
				<visible>Substring(Container.FolderPath,videodb://movies/countries/)</visible>
				<include>BreadCrumbSlideLvl3Anim</include>
			</control>
			<control type="label" id="5516">
				<description>Recently Added Movies</description>
				<include>BreadCrumbLabel</include>
				<label>[UPPERCASE][B]$LOCALIZE[20386][/B][/UPPERCASE]</label>
				<visible>StringCompare(Container.FolderPath,videodb://recentlyaddedmovies/)</visible>
				<include>BreadCrumbSlideLvl3Anim</include>
			</control>
			<control type="label" id="5517">
				<description>Recently Added Episodes</description>
				<include>BreadCrumbLabel</include>
				<label>[UPPERCASE][B]$LOCALIZE[20387][/B][/UPPERCASE]</label>
				<visible>StringCompare(Container.FolderPath,videodb://recentlyaddedepisodes/)</visible>
				<include>BreadCrumbSlideLvl3Anim</include>
			</control>
			<control type="label" id="5518">
				<description>Recently Added Music Videos</description>
				<include>BreadCrumbLabel</include>
				<label>[UPPERCASE][B]$LOCALIZE[20390][/B][/UPPERCASE]</label>
				<visible>StringCompare(Container.FolderPath,videodb://recentlyaddedmusicvideos/)</visible>
				<include>BreadCrumbSlideLvl3Anim</include>
			</control>
			<control type="label" id="5521">
				<description>Movie Tags</description>
				<include>BreadCrumbLabel</include>
				<label>[UPPERCASE][B]$LOCALIZE[31907][/B][/UPPERCASE]</label>
				<visible>Substring(Container.FolderPath,videodb://movies/tags/)</visible>
				<include>BreadCrumbSlideLvl3Anim</include>
			</control>
			<control type="label" id="5523">
				<description>Movie Sets</description>
				<include>BreadCrumbLabel</include>
				<label>[UPPERCASE][B]$LOCALIZE[20434][/B][/UPPERCASE]</label>
				<visible>Substring(Container.FolderPath,videodb://movies/sets/)</visible>
				<include>BreadCrumbSlideLvl3Anim</include>
			</control>
			<control type="image">
				<include>BreadCrumbSeparator</include>
				<include>BreadCrumbSlideLvl3Anim</include>
				<visible>Control.IsVisible(5505) | Control.IsVisible(5506) | Control.IsVisible(5507) | Control.IsVisible(5508) | Control.IsVisible(5509) | Control.IsVisible(5510) | Control.IsVisible(5511) | Control.IsVisible(5512) | Control.IsVisible(5513) |
				Control.IsVisible(5514) | Control.IsVisible(5515) | Control.IsVisible(5516) | Control.IsVisible(5517) | Control.IsVisible(5518) | Control.IsVisible(5521) | Control.IsVisible(5523) | Control.IsVisible(5524)</visible>
			</control>
			<control type="label" id="5522">
				<description>Folder</description>
				<include>BreadCrumbLabel</include>
				<label>[UPPERCASE][B]$INFO[Container.FolderName][/B][/UPPERCASE]</label>
				<visible>!Container.Content(Episodes) | !Container.Content(Seasons) | [Container.Content(Episodes) + Substring(Container.FolderPath,plugin:)] | [Container.Content(Seasons) + Substring(Container.FolderPath,plugin:)]</visible>
				<visible>[!Container.Content(Genres) + [Substring(Container.FolderPath,videodb://movies/genres/) | [Substring(Container.FolderPath,videodb://tvshows/genres/) + Container.Content(TVShows)] | Substring(Container.FolderPath,videodb://musicvideos/genres/)]]
				| [!Container.Content(Years) + [Substring(Container.FolderPath,videodb://movies/years/) | [Substring(Container.FolderPath,videodb://tvshows/years/) + Container.Content(TVShows)] | Substring(Container.FolderPath,videodb://musicvideos/years/)]]
				| [!Container.Content(Actors) + [Substring(Container.FolderPath,videodb://movies/actors/) | [Substring(Container.FolderPath,videodb://tvshows/actors/) + Container.Content(TVShows)]]]
				| [!Container.Content(Directors) + [Substring(Container.FolderPath,videodb://movies/directors/) | Substring(Container.FolderPath,videodb://musicvideos/directors/)]]
				| [!Container.Content(Studios) + [Substring(Container.FolderPath,videodb://movies/studios/) | [Substring(Container.FolderPath,videodb://tvshows/studios/) + Container.Content(TVShows)] | Substring(Container.FolderPath,videodb://musicvideos/studios/)]]
				| [!Container.Content(Countries) + Substring(Container.FolderPath,videodb://movies/countries/)]
				| [!Container.Content(Artists) + Substring(Container.FolderPath,videodb://musicvideos/artists/)]
				| [!Container.Content(Albums) + Substring(Container.FolderPath,videodb://musicvideos/albums/)]
				| [Container.Content(Files) + ![IsEmpty(Container.FolderPath) | StringCompare(Container.FolderPath,sources://video/)
				| StringCompare(Container.FolderPath,special://videoplaylists/) | Substring(Container.FolderPath,plugin:)]]
				| Substring(Container.FolderPath,.xsp,Right) | Substring(Container.FolderPath,plugin:)</visible>
				<include>BreadCrumbSlideLvl4Anim</include>
			</control>
			<control type="image">
				<include>BreadCrumbSeparator</include>
				<visible>Control.IsVisible(5522)</visible>
				<include>BreadCrumbSlideLvl4Anim</include>
			</control>
			<control type="label" id="5519">
				<description>TV Show Title</description>
				<include>BreadCrumbLabel</include>
				<label>$VAR[BreadCrumbTVShowTitleLabel]</label>
				<visible>!StringCompare(Container.FolderPath,videodb://recentlyaddedepisodes/) + !Substring(Container.FolderPath,plugin:) + [Container.Content(Seasons) | Container.Content(Episodes)]</visible>
				<include>BreadCrumbSlideLvl3Anim</include>
			</control>
			<control type="label" id="5520">
				<description>Movie / TV Show Title</description>
				<include>BreadCrumbLabel</include>
				<label>[UPPERCASE][B]$INFO[ListItem.Label][/UPPERCASE][/B]</label>
				<visible>[Skin.HasSetting(DisplayMovieTitle) + [Container.Content(Movies) | SubString(ListItem.Path,videodb://movies/sets/,left)]] | [Skin.HasSetting(DisplayTVShowsTitle) + Container.Content(TVShows)]</visible>
				<include>BreadCrumbSlideLvl3Anim</include>
			</control>
			<control type="label" id="5525">
				<description>Music Video Artist</description>
				<include>BreadCrumbLabel</include>
				<label>[UPPERCASE][B]$INFO[ListItem.Artist][/UPPERCASE][/B]</label>
				<visible>Skin.HasSetting(DisplayMusicVideosArtist) + Container.Content(MusicVideos)</visible>
				<include>BreadCrumbSlideLvl3Anim</include>
			</control>
			<control type="image">
				<include>BreadCrumbSeparator</include>
				<visible>Control.IsVisible(5519) | Control.IsVisible(5520) | Control.IsVisible(5525)</visible>
				<include>BreadCrumbSlideLvl4Anim</include>
			</control>		
		</control>
	</include>
	
	<include name="BreadCrumbVideoPlaylist">
		<control type="grouplist">
			<left>10</left>
			<top>StatusBartop</top>
			<height>43</height>
			<width>740</width>
			<itemgap>8</itemgap>
			<orientation>horizontal</orientation>
			<usecontrolcoords>true</usecontrolcoords>
			<visible>!Window.IsActive(MovieInformation)</visible>
			<control type="button" id="555">
				<include>BreadCrumbHomeIcon</include>
				<include>BreadCrumbSlideLvl1Anim</include>
			</control>
			<control type="image">
				<include>BreadCrumbSeparator</include>
				<include>BreadCrumbSlideLvl1Anim</include>
			</control>
			<control type="label" id="5501">
				<description>Videos</description>
				<include>BreadCrumbLabel</include>
				<label>[UPPERCASE][B]$LOCALIZE[3][/B][/UPPERCASE]</label>
				<include>BreadCrumbSlideLvl2Anim</include>
			</control>
			<control type="image">
				<include>BreadCrumbSeparator</include>
				<include>BreadCrumbSlideLvl2Anim</include>
			</control>
			<control type="label" id="5502">
				<description>Now Playing</description>
				<include>BreadCrumbLabel</include>
				<label>[UPPERCASE][B]$LOCALIZE[13350][/B][/UPPERCASE]</label>
				<include>BreadCrumbSlideLvl3Anim</include>
			</control>
			<control type="image">
				<include>BreadCrumbSeparator</include>
				<include>BreadCrumbSlideLvl3Anim</include>
			</control>
		</control>
	</include>

	<include name="BreadCrumbMusicFiles">
		<control type="grouplist">
			<left>10</left>
			<top>StatusBartop</top>
			<height>43</height>
			<width>740</width>
			<itemgap>8</itemgap>
			<orientation>horizontal</orientation>
			<usecontrolcoords>true</usecontrolcoords>
			<visible>![Window.IsActive(MusicInformation) | Window.IsActive(MovieInformation)]</visible>
			<control type="button" id="555">
				<include>BreadCrumbHomeIcon</include>
				<include>BreadCrumbSlideLvl1Anim</include>
			</control>
			<control type="image">
				<include>BreadCrumbSeparator</include>
				<include>BreadCrumbSlideLvl1Anim</include>
			</control>
			<control type="label" id="5501">
				<description>Music</description>
				<include>BreadCrumbLabel</include>
				<label>[UPPERCASE][B]$LOCALIZE[2][/B][/UPPERCASE]</label>
				<include>BreadCrumbSlideLvl2Anim</include>
			</control>		
			<control type="image">
				<include>BreadCrumbSeparator</include>
				<include>BreadCrumbSlideLvl2Anim</include>
			</control>
			<control type="label" id="5502">
				<description>Files</description>
				<include>BreadCrumbLabel</include>
				<label>[UPPERCASE][B]$LOCALIZE[1214][/B][/UPPERCASE]</label>
				<visible>![Container.Content(Addons) | Substring(Container.FolderPath,plugin:)]</visible>
				<include>BreadCrumbSlideLvl2Anim</include>
			</control>
			<control type="label" id="5503">
				<description>Add-ons</description>
				<include>BreadCrumbLabel</include>
				<label>[UPPERCASE][B]$LOCALIZE[24001][/B][/UPPERCASE]</label>
				<visible>Container.Content(Addons) | Substring(Container.FolderPath,plugin:)</visible>
				<include>BreadCrumbSlideLvl2Anim</include>
			</control>
			<control type="image">
				<include>BreadCrumbSeparator</include>
				<visible>Control.IsVisible(5502) | Control.IsVisible(5503)</visible>
				<include>BreadCrumbSlideLvl2Anim</include>
			</control>
			<control type="label" id="5504">
				<description>Folder</description>
				<include>BreadCrumbLabel</include>
				<label>[UPPERCASE][B]$INFO[Container.FolderName][/B][/UPPERCASE]</label>
				<visible>![IsEmpty(Container.FolderPath) | Container.Content(Addons)]</visible>
				<include>BreadCrumbSlideLvl3Anim</include>
			</control>
			<control type="image">
				<include>BreadCrumbSeparator</include>
				<visible>Control.IsVisible(5504)</visible>
				<include>BreadCrumbSlideLvl3Anim</include>
			</control>
		</control>
	</include>
			
	<include name="BreadCrumbMusicLibrary">
		<control type="grouplist">
			<left>10</left>
			<top>StatusBartop</top>
			<height>43</height>
			<width>740</width>
			<itemgap>8</itemgap>
			<orientation>horizontal</orientation>
			<usecontrolcoords>true</usecontrolcoords>
			<visible>![Window.IsActive(MusicInformation) | Window.IsActive(MovieInformation)]</visible>
			<control type="button" id="555">
				<include>BreadCrumbHomeIcon</include>
				<include>BreadCrumbSlideLvl1Anim</include>
			</control>
			<control type="image">
				<include>BreadCrumbSeparator</include>
				<include>BreadCrumbSlideLvl1Anim</include>
			</control>		
			<control type="label" id="5501">
				<description>Music</description>
				<include>BreadCrumbLabel</include>
				<label>[UPPERCASE][B]$LOCALIZE[2][/B][/UPPERCASE]</label>
				<visible>IsEmpty(Container.FolderPath) | Window.IsActive(MusicLibrary) | Substring(Container.FolderPath,musicdb://) | StringCompare(Container.FolderPath,special://musicplaylists/) | Substring(Container.FolderPath,.m3u,Right)
				| Container.Content(Addons) | Substring(Container.FolderPath,plugin:)</visible>
				<include>BreadCrumbSlideLvl2Anim</include>
			</control>
			<control type="image">
				<include>BreadCrumbSeparator</include>
				<include>BreadCrumbSlideLvl2Anim</include>
			</control>
			<control type="label" id="5502">
				<description>BreadCrumb Label</description>
				<include>BreadCrumbLabel</include>
				<label>[UPPERCASE][B]$VAR[MusicLibraryBreadCrumbsLabel][/B][/UPPERCASE]</label>
				<include>BreadCrumbSlideLvl3Anim</include>
				<visible>[[Substring(Container.FolderPath,musicdb://albums/) | Container.Content(Songs) | Substring(Container.FolderPath,/-1/,Right)] + ![StringCompare(Container.FolderPath,musicdb://singles/) | StringCompare(Container.FolderPath,musicdb://songs/) | StringCompare(Container.FolderPath,musicdb://top100/songs/) | Substring(Container.FolderPath,.m3u,Right) | SubString(Container.FolderPath,special://skin/extras/playlists/,Left)]] | [Substring(Container.FolderPath,musicdb://songs/) + !Substring(Container.FolderPath,.m3u,Right)] | [StringCompare(Container.FolderPath,musicdb://artists/)	| [Container.Content(Albums) + [Substring(Container.FolderPath,musicdb://genres/) | Substring(Container.FolderPath,musicdb://artists/)]]] | Substring(Container.FolderPath,videodb://musicvideos/)
				| [Container.Content(Addons) | Substring(Container.FolderPath,plugin:)] | [!Container.Content(Albums) + !Container.Content(Songs) + Substring(Container.FolderPath,musicdb://genres/)] | [!Container.Content(Songs) + Substring(Container.FolderPath,musicdb://years/) + !Substring(Container.FolderPath,/-1/,Right)] | [StringCompare(Container.FolderPath,musicdb://top100/) | StringCompare(Container.FolderPath,musicdb://top100/albums/-1/)]
				| StringCompare(Container.FolderPath,musicdb://recentlyaddedalbums/) | StringCompare(Container.FolderPath,musicdb://recentlyplayedalbums/) | StringCompare(Container.FolderPath,musicdb://compilations/)
				| Substring(Container.FolderPath,musicdb://singles/) | [StringCompare(Container.FolderPath,special://musicplaylists/) | Substring(Container.FolderPath,.m3u,Right)]</visible>
			</control>
			<control type="image">
				<include>BreadCrumbSeparator</include>
				<visible>Control.IsVisible(5502)</visible>
				<include>BreadCrumbSlideLvl3Anim</include>
			</control>
			<control type="label" id="5514">
				<description>Folder</description>
				<include>BreadCrumbLabel</include>
				<label>[UPPERCASE][B]$INFO[Container.FolderName][/B][/UPPERCASE]</label>
				<visible>[!Container.Content(Genres) + Substring(Container.FolderPath,musicdb://genres/)]
				| [!Container.Content(Artists) + Substring(Container.FolderPath,musicdb://artists/)]
				| [!Container.Content(Albums) + Substring(Container.FolderPath,musicdb://albums/)]
				| [!Container.Content(Years) + Substring(Container.FolderPath,musicdb://years/)]
				| [!Container.Content(Albums) + [Substring(Container.FolderPath,musicdb://recentlyaddedalbums/) | Substring(Container.FolderPath,musicdb://recentlyplayedalbums/) | Substring(Container.FolderPath,musicdb://compilations/)]]
				| [Substring(Container.FolderPath,musicdb://top100/) + [Container.Content(Songs) | Container.Content(Albums)]]
				| Substring(Container.FolderPath,.m3u,Right) | Substring(Container.FolderPath,plugin:)				
				| [Window.IsActive(MusicLibrary) + ![IsEmpty(Container.FolderPath) | StringCompare(Container.FolderPath,sources://audio/) | Substring(Container.FolderPath,musicdb://)
				| StringCompare(Container.FolderPath,special://musicplaylists/) | Container.Content(Addons)]]</visible>
				<include>BreadCrumbSlideLvl4Anim</include>
			</control>
			<control type="image">
				<include>BreadCrumbSeparator</include>
				<visible>Control.IsVisible(5514)</visible>
				<include>BreadCrumbSlideLvl4Anim</include>
			</control>
			<control type="label" id="5526">
				<description>Music Library Label</description>
				<include>BreadCrumbLabel</include>
				<label>[UPPERCASE][B]$INFO[ListItem.Label][/UPPERCASE][/B]</label>
				<visible>Skin.HasSetting(DisplayMusicLibraryTitle) + Window.IsActive(MusicLibrary) + !IsEmpty(ListItem.Artist)</visible>
				<include>BreadCrumbSlideLvl3Anim</include>
			</control>
			<control type="image">
				<include>BreadCrumbSeparator</include>
				<visible>Control.IsVisible(5526)</visible>
				<include>BreadCrumbSlideLvl4Anim</include>
			</control>	
		</control>	
	</include>
	
	<include name="BreadCrumbMusicPlaylist">	
		<control type="grouplist">
			<left>10</left>
			<top>StatusBartop</top>
			<height>43</height>
			<width>740</width>
			<itemgap>8</itemgap>
			<orientation>horizontal</orientation>
			<usecontrolcoords>true</usecontrolcoords>
			<visible>!Window.IsActive(MusicInformation) + !Window.IsActive(MovieInformation)</visible>
			<control type="button" id="555">
				<include>BreadCrumbHomeIcon</include>
				<include>BreadCrumbSlideLvl1Anim</include>
			</control>
			<control type="image">
				<include>BreadCrumbSeparator</include>
				<include>BreadCrumbSlideLvl1Anim</include>
			</control>
			<control type="label" id="5501">
				<description>Music</description>
				<include>BreadCrumbLabel</include>
				<label>[UPPERCASE][B]$LOCALIZE[2][/B][/UPPERCASE]</label>
				<include>BreadCrumbSlideLvl2Anim</include>
			</control>
			<control type="image">
				<include>BreadCrumbSeparator</include>
				<include>BreadCrumbSlideLvl2Anim</include>
			</control>
			<control type="label" id="5502">
				<description>Now Playing</description>
				<include>BreadCrumbLabel</include>
				<label>[UPPERCASE][B]$LOCALIZE[13350][/B][/UPPERCASE]</label>
				<include>BreadCrumbSlideLvl3Anim</include>
			</control>
			<control type="image">
				<include>BreadCrumbSeparator</include>
				<include>BreadCrumbSlideLvl3Anim</include>
			</control>
		</control>
	</include>
	
	<include name="BreadCrumbMusicPlaylistEditor">
		<control type="grouplist">
			<left>10</left>
			<top>StatusBartop</top>
			<height>43</height>
			<width>740</width>
			<itemgap>8</itemgap>
			<orientation>horizontal</orientation>
			<usecontrolcoords>true</usecontrolcoords>
			<control type="button" id="555">
				<include>BreadCrumbHomeIcon</include>
				<include>BreadCrumbSlideLvl1Anim</include>
			</control>
			<control type="image">
				<include>BreadCrumbSeparator</include>
				<include>BreadCrumbSlideLvl1Anim</include>
			</control>
			<control type="label" id="5501">
				<description>Music</description>
				<include>BreadCrumbLabel</include>
				<label>[UPPERCASE][B]$LOCALIZE[2][/B][/UPPERCASE]</label>
				<include>BreadCrumbSlideLvl2Anim</include>
			</control>
			<control type="image">
				<include>BreadCrumbSeparator</include>
				<include>BreadCrumbSlideLvl2Anim</include>
			</control>
			<control type="label" id="5502">
				<description>Playlist Editor</description>
				<include>BreadCrumbLabel</include>
				<label>[UPPERCASE][B]$LOCALIZE[10503][/B][/UPPERCASE]</label>	
				<include>BreadCrumbSlideLvl3Anim</include>
			</control>	
			<control type="image">
				<include>BreadCrumbSeparator</include>
				<include>BreadCrumbSlideLvl3Anim</include>
			</control>
		</control>
	</include>
	
	<include name="BreadCrumbPictures">
		<control type="grouplist">
			<left>10</left>
			<top>StatusBartop</top>
			<height>43</height>
			<width>740</width>
			<itemgap>8</itemgap>
			<orientation>horizontal</orientation>
			<usecontrolcoords>true</usecontrolcoords>
			<control type="button" id="555">
				<include>BreadCrumbHomeIcon</include>
				<include>BreadCrumbSlideLvl1Anim</include>
			</control>
			<control type="image">
				<include>BreadCrumbSeparator</include>
				<include>BreadCrumbSlideLvl1Anim</include>
			</control>
			<control type="label" id="5501">
				<description>Pictures</description>
				<include>BreadCrumbLabel</include>
				<label>[UPPERCASE][B]$LOCALIZE[1][/B][/UPPERCASE]</label>
				<include>BreadCrumbSlideLvl2Anim</include>
			</control>
			<control type="image">
				<include>BreadCrumbSeparator</include>
				<include>BreadCrumbSlideLvl2Anim</include>
			</control>
			<control type="label" id="5502">
				<description>Files</description>
				<include>BreadCrumbLabel</include>
				<label>[UPPERCASE][B]$LOCALIZE[1214][/B][/UPPERCASE]</label>
				<visible>!Container.Content(Addons) + !Substring(Container.FolderPath,plugin:)</visible>
				<include>BreadCrumbSlideLvl3Anim</include>
			</control>
			<control type="label" id="5503">
				<description>Add-ons</description>
				<include>BreadCrumbLabel</include>
				<label>[UPPERCASE][B]$LOCALIZE[24001][/B][/UPPERCASE]</label>
				<visible>Container.Content(Addons) | Substring(Container.FolderPath,plugin:)</visible>
				<include>BreadCrumbSlideLvl3Anim</include>
			</control>
			<control type="image">
				<include>BreadCrumbSeparator</include>
				<visible>Control.IsVisible(5502) | Control.IsVisible(5503)</visible>
				<include>BreadCrumbSlideLvl3Anim</include>
			</control>
			<control type="label" id="5504">
				<description>Folder</description>
				<include>BreadCrumbLabel</include>
				<label>[UPPERCASE][B]$INFO[Container.FolderName][/B][/UPPERCASE]</label>
				<visible>!IsEmpty(Container.FolderPath) + !Container.Content(Addons) | Substring(Container.FolderPath,plugin:)</visible>
				<include>BreadCrumbSlideLvl4Anim</include>
			</control>
			<control type="image">
				<include>BreadCrumbSeparator</include>
				<visible>Control.IsVisible(5504)</visible>
				<include>BreadCrumbSlideLvl4Anim</include>
			</control>
		</control>
	</include>
	
	<include name="BreadCrumbPrograms">		
		<control type="grouplist">
			<left>10</left>
			<top>StatusBartop</top>
			<height>43</height>
			<width>740</width>
			<itemgap>8</itemgap>
			<orientation>horizontal</orientation>
			<usecontrolcoords>true</usecontrolcoords>
			<control type="button" id="555">
				<include>BreadCrumbHomeIcon</include>
				<include>BreadCrumbSlideLvl1Anim</include>
			</control>
			<control type="image">
				<include>BreadCrumbSeparator</include>
				<include>BreadCrumbSlideLvl1Anim</include>
			</control>
			<control type="label" id="5501">
				<description>Programs</description>
				<include>BreadCrumbLabel</include>
				<label>[UPPERCASE][B]$LOCALIZE[0][/B][/UPPERCASE]</label>
				<include>BreadCrumbSlideLvl2Anim</include>
			</control>
			<control type="image">
				<include>BreadCrumbSeparator</include>
				<include>BreadCrumbSlideLvl2Anim</include>
			</control>
			<control type="label" id="5502">
				<description>Files</description>
				<include>BreadCrumbLabel</include>
				<label>[UPPERCASE][B]$LOCALIZE[1214][/B][/UPPERCASE]</label>
				<visible>!Container.Content(Addons) + !Substring(Container.FolderPath,plugin:)</visible>
				<include>BreadCrumbSlideLvl3Anim</include>
			</control>
			<control type="label" id="5503">
				<description>Add-ons</description>
				<include>BreadCrumbLabel</include>
				<label>[UPPERCASE][B]$LOCALIZE[24001][/B][/UPPERCASE]</label>
				<visible>Container.Content(Addons) | Substring(Container.FolderPath,plugin:)</visible>
				<include>BreadCrumbSlideLvl3Anim</include>
			</control>
			<control type="image">
				<include>BreadCrumbSeparator</include>
				<visible>Control.IsVisible(5502) | Control.IsVisible(5503)</visible>
				<include>BreadCrumbSlideLvl3Anim</include>
			</control>
			<control type="label" id="5504">
				<description>Folder</description>
				<include>BreadCrumbLabel</include>
				<label>[UPPERCASE][B]$INFO[Container.FolderName][/B][/UPPERCASE]</label>
				<visible>!IsEmpty(Container.FolderPath) + !Container.Content(Addons) | Substring(Container.FolderPath,plugin:)</visible>
				<include>BreadCrumbSlideLvl4Anim</include>
			</control>
			<control type="image">
				<include>BreadCrumbSeparator</include>
				<visible>Control.IsVisible(5504)</visible>
				<include>BreadCrumbSlideLvl4Anim</include>
			</control>
		</control>	
	</include>
	
	<include name="BreadCrumbAddons">
		<control type="grouplist">
			<left>10</left>
			<top>StatusBartop</top>
			<height>43</height>
			<width>740</width>
			<itemgap>8</itemgap>
			<orientation>horizontal</orientation>
			<usecontrolcoords>true</usecontrolcoords>
			<control type="button" id="555">
				<include>BreadCrumbHomeIcon</include>
				<include>BreadCrumbSlideLvl1Anim</include>
			</control>
			<control type="image">
				<include>BreadCrumbSeparator</include>
				<include>BreadCrumbSlideLvl1Anim</include>
			</control>
			<control type="label" id="5501">
				<description>Add-ons</description>
				<include>BreadCrumbLabel</include>
				<label>[UPPERCASE][B]$LOCALIZE[24001][/B][/UPPERCASE]</label>
				<include>BreadCrumbSlideLvl2Anim</include>
			</control>
			<control type="image">
				<include>BreadCrumbSeparator</include>
				<include>BreadCrumbSlideLvl2Anim</include>
			</control>
			<control type="label" id="5502">
				<description>Enabled Add-ons</description>
				<include>BreadCrumbLabel</include>
				<label>[UPPERCASE][B]$LOCALIZE[24062][/B][/UPPERCASE]</label>
				<visible>Substring(Container.FolderPath,addons://enabled/)</visible>
				<include>BreadCrumbSlideLvl3Anim</include>
			</control>
			<control type="label" id="5503">
				<description>Repository Name</description>
				<include>BreadCrumbLabel</include>
				<label>[UPPERCASE][B]$INFO[Container.Property(reponame)][/B][/UPPERCASE]</label>
				<visible>![IsEmpty(Container.Property(reponame)) | Substring(Container.FolderPath,addons://enabled/)]</visible>
				<include>BreadCrumbSlideLvl3Anim</include>
			</control>
			<control type="label" id="5504">
				<description>Get Add-ons</description>
				<include>BreadCrumbLabel</include>
				<label>[UPPERCASE][B]$LOCALIZE[24033][/B][/UPPERCASE]</label>
				<visible>StringCompare(Container.FolderPath,addons://repos/)</visible>
				<include>BreadCrumbSlideLvl3Anim</include>
			</control>
			<control type="image">
				<include>BreadCrumbSeparator</include>
				<visible>Control.IsVisible(5502) | Control.IsVisible(5503) | Control.IsVisible(5504)</visible>
				<include>BreadCrumbSlideLvl3Anim</include>
			</control>
			<control type="label" id="5505">
				<description>Add-on Category</description>
				<include>BreadCrumbLabel</include>
				<label>[UPPERCASE][B]$INFO[Container.Property(AddonCategory)][/B][/UPPERCASE]</label>
				<visible>!IsEmpty(Container.Property(AddonCategory))</visible>
				<include>BreadCrumbSlideLvl4Anim</include>
			</control>
			<control type="image">
				<include>BreadCrumbSeparator</include>
				<visible>Control.IsVisible(5505)</visible>
				<include>BreadCrumbSlideLvl4Anim</include>
			</control>
		</control>
	</include>

	<include name="BreadCrumbPVR">
		<control type="grouplist">
			<left>10</left>
			<top>StatusBartop</top>
			<height>43</height>
			<width>740</width>
			<itemgap>8</itemgap>
			<orientation>horizontal</orientation>
			<usecontrolcoords>true</usecontrolcoords>
			<control type="button" id="555">
				<include>BreadCrumbHomeIcon</include>
				<include>BreadCrumbSlideLvl1Anim</include>
			</control>
			<control type="image">
				<include>BreadCrumbSeparator</include>
				<include>BreadCrumbSlideLvl1Anim</include>
			</control>
			<control type="label" id="5501">
				<description>TV</description>
				<include>BreadCrumbLabel</include>
				<label>[UPPERCASE]$LOCALIZE[19020][/UPPERCASE]</label>
				<include>BreadCrumbSlideLvl2Anim</include>
				<visible>IsEmpty(Window.Property(IsRadio))</visible>
			</control>
			<control type="label" id="5501">
				<description>Radio</description>
				<include>BreadCrumbLabel</include>
				<label>[UPPERCASE]$LOCALIZE[19021][/UPPERCASE]</label>
				<include>BreadCrumbSlideLvl2Anim</include>
				<visible>!IsEmpty(Window.Property(IsRadio))</visible>
			</control>
			<control type="image">
				<include>BreadCrumbSeparator</include>
				<include>BreadCrumbSlideLvl2Anim</include>
			</control>
			<control type="label">
				<include>BreadCrumbLabel</include>
				<include>BreadCrumbSlideLvl3Anim</include>
				<label>[UPPERCASE]$VAR[PVRBreadCrumbLabel][/UPPERCASE]</label>
			</control>
			<control type="image">
				<include>BreadCrumbSeparator</include>
				<include>BreadCrumbSlideLvl2Anim</include>
			</control>
			<control type="label" id="29">
				<include>BreadCrumbLabel</include>
				<include>BreadCrumbSlideLvl3Anim</include>
			</control>
			<control type="image">
				<visible>!IsEmpty(Control.GetLabel(29))</visible>
				<include>BreadCrumbSeparator</include>
				<include>BreadCrumbSlideLvl3Anim</include>
			</control>
			<control type="label" id="30">
				<include>BreadCrumbLabel</include>
				<include>BreadCrumbSlideLvl4Anim</include>
			</control>
			<control type="image">
				<visible>!IsEmpty(Control.GetLabel(30))</visible>
				<include>BreadCrumbSeparator</include>
				<include>BreadCrumbSlideLvl4Anim</include>
			</control>
		</control>
	</include>
	
	<include name="BreadCrumbSettings">
		<control type="grouplist">
			<left>10</left>
			<top>StatusBartop</top>
			<height>43</height>
			<width>740</width>
			<itemgap>8</itemgap>
			<orientation>horizontal</orientation>
			<usecontrolcoords>true</usecontrolcoords>
			<control type="button" id="555">
				<include>BreadCrumbHomeIcon</include>
				<include>BreadCrumbSlideLvl1Anim</include>
			</control>
			<control type="image">
				<include>BreadCrumbSeparator</include>
				<include>BreadCrumbSlideLvl1Anim</include>
			</control>
			<control type="label" id="5501">
				<description>Settings</description>
				<include>BreadCrumbLabel</include>
				<label>[UPPERCASE][B]$LOCALIZE[5][/B][/UPPERCASE]</label>
				<include>BreadCrumbSlideLvl2Anim</include>
			</control>
			<control type="image">
				<include>BreadCrumbSeparator</include>
				<include>BreadCrumbSlideLvl2Anim</include>
			</control>
			<control type="label" id="5502">
				<description>Appearance</description>
				<include>BreadCrumbLabel</include>
				<label>[UPPERCASE][B]$LOCALIZE[480][/B][/UPPERCASE]</label>
				<visible>Window.IsActive(AppearanceSettings)</visible>
				<include>BreadCrumbSlideLvl3Anim</include>
			</control>
			<control type="label" id="5503">
				<description>Music</description>
				<include>BreadCrumbLabel</include>
				<label>[UPPERCASE][B]$LOCALIZE[2][/B][/UPPERCASE]</label>
				<visible>Window.IsActive(MusicSettings)</visible>
				<include>BreadCrumbSlideLvl3Anim</include>
			</control>
			<control type="label" id="5504">
				<description>Videos</description>
				<include>BreadCrumbLabel</include>
				<label>[UPPERCASE][B]$LOCALIZE[3][/B][/UPPERCASE]</label>
				<visible>Window.IsActive(VideosSettings)</visible>
				<include>BreadCrumbSlideLvl3Anim</include>
			</control>
			<control type="label" id="5505">
				<description>Pictures</description>
				<include>BreadCrumbLabel</include>
				<label>[UPPERCASE][B]$LOCALIZE[1][/B][/UPPERCASE]</label>
				<visible>Window.IsActive(PicturesSettings)</visible>
				<include>BreadCrumbSlideLvl3Anim</include>
			</control>
			<control type="label" id="5506">
				<description>Weather</description>
				<include>BreadCrumbLabel</include>
				<label>[UPPERCASE][B]$LOCALIZE[8][/B][/UPPERCASE]</label>
				<visible>Window.IsActive(WeatherSettings)</visible>
				<include>BreadCrumbSlideLvl3Anim</include>
			</control>
			<control type="label" id="5507">
				<description>Services</description>
				<include>BreadCrumbLabel</include>
				<label>[UPPERCASE][B]$LOCALIZE[14036][/B][/UPPERCASE]</label>
				<visible>Window.IsActive(ServiceSettings)</visible>
				<include>BreadCrumbSlideLvl3Anim</include>
			</control>
			<control type="label" id="5508">
				<description>System</description>
				<include>BreadCrumbLabel</include>
				<label>[UPPERCASE][B]$LOCALIZE[13000][/B][/UPPERCASE]</label>
				<visible>Window.IsActive(SystemSettings)</visible>
				<include>BreadCrumbSlideLvl3Anim</include>
			</control>
			<control type="label" id="5509">
				<description>Skin</description>
				<include>BreadCrumbLabel</include>
				<label>[UPPERCASE][B]$LOCALIZE[166][/B][/UPPERCASE]</label>
				<visible>Window.IsActive(SkinSettings)</visible>
				<include>BreadCrumbSlideLvl3Anim</include>
			</control>
			<control type="label" id="5510">
				<description>PVR</description>
				<include>BreadCrumbLabel</include>
				<label>[UPPERCASE][B]$LOCALIZE[31909][/B][/UPPERCASE]</label>
				<visible>Window.IsActive(PVRSettings)</visible>
				<include>BreadCrumbSlideLvl3Anim</include>
			</control>
			<control type="image">
				<include>BreadCrumbSeparator</include>
				<include>BreadCrumbSlideLvl3Anim</include>
			</control>
		</control>
	</include>
	
	<include name="BreadCrumbProfilesSettings">	
		<control type="grouplist">
			<left>10</left>
			<top>StatusBartop</top>
			<height>43</height>
			<width>740</width>
			<itemgap>8</itemgap>
			<orientation>horizontal</orientation>
			<usecontrolcoords>true</usecontrolcoords>
			<control type="button" id="555">
				<include>BreadCrumbHomeIcon</include>
				<include>BreadCrumbSlideLvl1Anim</include>
			</control>
			<control type="image">
				<include>BreadCrumbSeparator</include>
				<include>BreadCrumbSlideLvl1Anim</include>
			</control>
			<control type="label" id="5501">
				<description>Profiles</description>
				<include>BreadCrumbLabel</include>
				<label>[UPPERCASE][B]$LOCALIZE[13200][/B][/UPPERCASE]</label>
				<include>BreadCrumbSlideLvl2Anim</include>
			</control>
			<control type="image">
				<include>BreadCrumbSeparator</include>
				<include>BreadCrumbSlideLvl2Anim</include>
			</control>
		</control>	
	</include>
	
	<include name="BreadCrumbMediaInfo">
		<control type="grouplist">
			<left>10</left>
			<top>StatusBartop</top>
			<height>43</height>
			<width>740</width>
			<itemgap>8</itemgap>
			<orientation>horizontal</orientation>
			<usecontrolcoords>true</usecontrolcoords>
			<control type="button" id="555">
				<include>BreadCrumbHomeIcon</include>
				<include>BreadCrumbSlideLvl1Anim</include>
			</control>
			<control type="image">
				<include>BreadCrumbSeparator</include>
				<include>BreadCrumbSlideLvl1Anim</include>
			</control>
			<control type="label" id="5501">
				<description>Unknown</description>
				<include>BreadCrumbLabel</include>
				<label>[UPPERCASE][B]?[/B][/UPPERCASE]</label>
				<visible>!Container.Content(Movies) + !Container.Content(TVShows) + !Container.Content(Seasons) + !Container.Content(Episodes)
				+ !Container.Content(MusicVideos) + !Container.Content(Albums) + !Container.Content(Artists) + !Container.Content(Directors) + !Container.Content(Actors)
				+ !Window.IsActive(AddonInformation) + !Substring(Container.FolderPath,plugin://plugin.program)</visible>
				<include>BreadCrumbSlideLvl2Anim</include>
			</control>
			<control type="label" id="5502">
				<description>Movies</description>
				<include>BreadCrumbLabel</include>
				<label>[UPPERCASE][B]$LOCALIZE[20342][/B][/UPPERCASE]</label>
				<visible>Container.Content(Movies)</visible>
				<include>BreadCrumbSlideLvl2Anim</include>
			</control>
			<control type="label" id="5503">
				<description>TV Shows</description>
				<include>BreadCrumbLabel</include>
				<label>[UPPERCASE][B]$LOCALIZE[20343][/B][/UPPERCASE]</label>
				<visible>Container.Content(TVShows) | Container.Content(Seasons)</visible>
				<include>BreadCrumbSlideLvl2Anim</include>
			</control>
			<control type="label" id="5504">
				<description>Episodes</description>
				<include>BreadCrumbLabel</include>
				<label>[UPPERCASE][B]$LOCALIZE[20360][/B][/UPPERCASE]</label>
				<visible>Container.Content(Episodes)</visible>
				<include>BreadCrumbSlideLvl2Anim</include>
			</control>
			<control type="label" id="5505">
				<description>Music Videos</description>
				<include>BreadCrumbLabel</include>
				<label>[UPPERCASE][B]$LOCALIZE[20389][/B][/UPPERCASE]</label>
				<visible>Container.Content(MusicVideos)</visible>
				<include>BreadCrumbSlideLvl2Anim</include>
			</control>
			<control type="label" id="5506">
				<description>Albums</description>
				<include>BreadCrumbLabel</include>
				<label>[UPPERCASE][B]$LOCALIZE[132][/B][/UPPERCASE]</label>
				<visible>Container.Content(Albums)</visible>
				<include>BreadCrumbSlideLvl2Anim</include>
			</control>
			<control type="label" id="5507">
				<description>Artists</description>
				<include>BreadCrumbLabel</include>
				<label>[UPPERCASE][B]$LOCALIZE[133][/B][/UPPERCASE]</label>
				<visible>Container.Content(Artists)</visible>
				<include>BreadCrumbSlideLvl2Anim</include>
			</control>
			<control type="label" id="5508">
				<description>Add-ons</description>
				<include>BreadCrumbLabel</include>
				<label>[UPPERCASE][B]$LOCALIZE[24001][/B][/UPPERCASE]</label>
				<visible>Window.IsActive(AddonInformation)</visible>
				<include>BreadCrumbSlideLvl2Anim</include>
			</control>
			<control type="label" id="5509">
				<description>Programs</description>
				<include>BreadCrumbLabel</include>
				<label>[UPPERCASE][B]$INFO[Container.FolderName][/B][/UPPERCASE]</label>
				<visible>Substring(Container.FolderPath,plugin://plugin.program)</visible>
				<include>BreadCrumbSlideLvl2Anim</include>
			</control>
			<control type="label" id="5510">
				<description>Director</description>
				<include>BreadCrumbLabel</include>
				<label>[UPPERCASE][B]$LOCALIZE[20339][/B][/UPPERCASE]</label>
				<visible>Container.Content(Directors)</visible>
				<include>BreadCrumbSlideLvl2Anim</include>
			</control>
			<control type="label" id="5511">
				<description>Actor</description>
				<include>BreadCrumbLabel</include>
				<label>[UPPERCASE][B]$LOCALIZE[20337][/B][/UPPERCASE]</label>
				<visible>Container.Content(Actors)</visible>
				<include>BreadCrumbSlideLvl2Anim</include>
			</control>
			<control type="image">
				<include>BreadCrumbSeparator</include>
				<include>BreadCrumbSlideLvl2Anim</include>
			</control>
			<control type="label" id="5510">
				<description>Information</description>
				<include>BreadCrumbLabel</include>
				<label>[UPPERCASE][B]$LOCALIZE[31304][/B][/UPPERCASE]</label>
				<include>BreadCrumbSlideLvl3Anim</include>
			</control>
			<control type="image">
				<include>BreadCrumbSeparator</include>
				<include>BreadCrumbSlideLvl3Anim</include>
			</control>
		</control>
	</include>
	
	<include name="BreadCrumbSystemInfo">
		<control type="grouplist">
			<left>10</left>
			<top>StatusBartop</top>
			<height>43</height>
			<width>740</width>
			<itemgap>8</itemgap>
			<orientation>horizontal</orientation>
			<usecontrolcoords>true</usecontrolcoords>
			<control type="button" id="555">
				<include>BreadCrumbHomeIcon</include>
				<include>BreadCrumbSlideLvl1Anim</include>
			</control>
			<control type="image">
				<include>BreadCrumbSeparator</include>
				<include>BreadCrumbSlideLvl1Anim</include>
			</control>
			<control type="label" id="5501">
				<description>System Info</description>
				<include>BreadCrumbLabel</include>
				<label>[UPPERCASE][B]$LOCALIZE[138][/B][/UPPERCASE]</label>
				<include>BreadCrumbSlideLvl2Anim</include>
			</control>
			<control type="image">
				<include>BreadCrumbSeparator</include>
				<include>BreadCrumbSlideLvl2Anim</include>
			</control>
		</control>
	</include>
	
	<include name="BreadCrumbAbout">	
		<control type="grouplist">
			<left>10</left>
			<top>StatusBartop</top>
			<height>43</height>
			<width>740</width>
			<itemgap>8</itemgap>
			<orientation>horizontal</orientation>
			<usecontrolcoords>true</usecontrolcoords>
			<control type="button" id="555">
				<include>BreadCrumbHomeIcon</include>
				<include>BreadCrumbSlideLvl1Anim</include>
			</control>
			<control type="image">
				<include>BreadCrumbSeparator</include>
				<include>BreadCrumbSlideLvl1Anim</include>
			</control>
			<control type="label" id="5501">
				<description>About</description>
				<include>BreadCrumbLabel</include>
				<label>[UPPERCASE][B]$LOCALIZE[31004][/B][/UPPERCASE]</label>
				<include>BreadCrumbSlideLvl2Anim</include>
			</control>
			<control type="image">
				<include>BreadCrumbSeparator</include>
				<include>BreadCrumbSlideLvl2Anim</include>
			</control>
			<control type="label" id="5502">
				<description>Rapier</description>
				<include>BreadCrumbLabel</include>
				<label>[UPPERCASE][B]Rapier $INFO[System.AddonVersion(skin.rapier)][/B][/UPPERCASE]</label>
				<include>BreadCrumbSlideLvl3Anim</include>
			</control>
			<control type="image">
				<include>BreadCrumbSeparator</include>
				<include>BreadCrumbSlideLvl3Anim</include>
			</control>
		</control>
	</include>
	
	<include name="BreadCrumbFileManager">
		<control type="grouplist">
			<left>10</left>
			<top>StatusBartop</top>
			<height>43</height>
			<width>740</width>
			<itemgap>8</itemgap>
			<orientation>horizontal</orientation>
			<usecontrolcoords>true</usecontrolcoords>
			<control type="button" id="555">
				<include>BreadCrumbHomeIcon</include>
				<include>BreadCrumbSlideLvl1Anim</include>
			</control>
			<control type="image">
				<include>BreadCrumbSeparator</include>
				<include>BreadCrumbSlideLvl1Anim</include>
			</control>
			<control type="label">
				<description>File Manager</description>
				<include>BreadCrumbLabel</include>
				<label>[UPPERCASE][B]$LOCALIZE[7][/B][/UPPERCASE]</label>
				<include>BreadCrumbSlideLvl2Anim</include>
			</control>
			<control type="image">
				<include>BreadCrumbSeparator</include>
				<include>BreadCrumbSlideLvl2Anim</include>
			</control>
		</control>
	</include>
	
	<include name="BreadCrumbWeather">
		<control type="grouplist">
			<left>10</left>
			<top>StatusBartop</top>
			<height>43</height>
			<width>740</width>
			<itemgap>8</itemgap>
			<orientation>horizontal</orientation>
			<usecontrolcoords>true</usecontrolcoords>
			<control type="button" id="555">
				<include>BreadCrumbHomeIcon</include>
				<include>BreadCrumbSlideLvl1Anim</include>
			</control>
			<control type="image">
				<include>BreadCrumbSeparator</include>
				<include>BreadCrumbSlideLvl1Anim</include>
			</control>
			<control type="label" id="5501">
				<description>Weather</description>
				<include>BreadCrumbLabel</include>
				<label>[UPPERCASE][B]$LOCALIZE[8][/B][/UPPERCASE]</label>
				<include>BreadCrumbSlideLvl2Anim</include>
			</control>
			<control type="image">
				<include>BreadCrumbSeparator</include>
				<include>BreadCrumbSlideLvl2Anim</include>
			</control>
			<control type="label" id="5502">
				<description>Today</description>
				<include>BreadCrumbLabel</include>
				<label>[UPPERCASE][B]$LOCALIZE[33006][/B][/UPPERCASE]</label>
				<visible>StringCompare(Weather.Plugin,weather.openweathermap.extended) + StringCompare(Skin.String(OpenWeatherMap),1)</visible>
				<include>BreadCrumbSlideLvl3Anim</include>
			</control>
			<control type="label" id="5503">
				<description>36 Hour</description>
				<include>BreadCrumbLabel</include>
				<label>[UPPERCASE][B]$LOCALIZE[33034][/B][/UPPERCASE]</label>
				<visible>StringCompare(Weather.Plugin,weather.openweathermap.extended) + StringCompare(Skin.String(OpenWeatherMap),2)</visible>
				<include>BreadCrumbSlideLvl3Anim</include>
			</control>
			<control type="label" id="5504">
				<description>Weekend</description>
				<include>BreadCrumbLabel</include>
				<label>[UPPERCASE][B]$LOCALIZE[33037][/B][/UPPERCASE]</label>
				<visible>StringCompare(Weather.Plugin,weather.openweathermap.extended) + StringCompare(Skin.String(OpenWeatherMap),3)</visible>
				<include>BreadCrumbSlideLvl3Anim</include>
			</control>
			<control type="label" id="5505">
				<description>Hourly</description>
				<include>BreadCrumbLabel</include>
				<label>[UPPERCASE][B]$LOCALIZE[33036][/B][/UPPERCASE]</label>
				<visible>StringCompare(Weather.Plugin,weather.openweathermap.extended) + StringCompare(Skin.String(OpenWeatherMap),4)</visible>
				<include>BreadCrumbSlideLvl3Anim</include>
			</control>
			<control type="label" id="5506">
				<description>16 Days</description>
				<include>BreadCrumbLabel</include>
				<label>[UPPERCASE][B]16 $LOCALIZE[12393][/B][/UPPERCASE]</label>
				<visible>StringCompare(Weather.Plugin,weather.openweathermap.extended) + StringCompare(Skin.String(OpenWeatherMap),5)</visible>
				<include>BreadCrumbSlideLvl3Anim</include>
			</control>
			<control type="label" id="5507">
				<description>Maps</description>
				<include>BreadCrumbLabel</include>
				<label>[UPPERCASE][B]$LOCALIZE[33035][/B][/UPPERCASE]</label>
				<visible>StringCompare(Weather.Plugin,weather.openweathermap.extended) + StringCompare(Skin.String(OpenWeatherMap),6)</visible>
				<include>BreadCrumbSlideLvl3Anim</include>
			</control>
			<control type="image">
				<include>BreadCrumbSeparator</include>
				<include>BreadCrumbSlideLvl3Anim</include>
				<visible>Control.IsVisible(5502) | Control.IsVisible(5503) | Control.IsVisible(5504)
				| Control.IsVisible(5505) | Control.IsVisible(5506) | Control.IsVisible(5507)</visible>
			</control>
		</control>
	</include>

	<include name="BreadCrumbPseudoTV">
		<control type="grouplist">
			<left>10</left>
			<top>StatusBartop</top>
			<height>43</height>
			<width>740</width>
			<itemgap>8</itemgap>
			<orientation>horizontal</orientation>
			<usecontrolcoords>true</usecontrolcoords>
			<control type="button" id="555">
				<top>10</top>
				<width>24</width>
				<height>24</height>
				<texturenofocus>gui/breadcrumb-home-nofocus.png</texturenofocus>
				<texturefocus>gui/breadcrumb-home-focus.png</texturefocus>
				<onright condition="Window.IsActive(MovieInformation) | Window.IsActive(AddonInformation) | Window.IsActive(MusicInformation)">987</onright>
				<onright condition="!Window.IsActive(MovieInformation) + !Window.IsActive(AddonInformation) + !Window.IsActive(MusicInformation)">850</onright>
				<ondown condition="Window.IsActive(MovieInformation) | Window.IsActive(AddonInformation) | Window.IsActive(MusicInformation)">987</ondown>
				<ondown condition="!Window.IsActive(MovieInformation) + !Window.IsActive(AddonInformation) + !Window.IsActive(MusicInformation)">850</ondown>
				<onclick>Stop</onclick>
				<onclick>Dialog.Close(all,true)</onclick>
				<onclick>ActivateWindow(Home)</onclick>
				<include>BreadCrumbSlideLvl1Anim</include>
			</control>
			<control type="image">
				<include>BreadCrumbSeparator</include>
				<include>BreadCrumbSlideLvl1Anim</include>
			</control>
			<control type="label">
				<include>BreadCrumbLabel</include>
				<label>[UPPERCASE]Pseudo TV[/UPPERCASE]</label>
				<include>BreadCrumbSlideLvl2Anim</include>
			</control>
			<control type="image">
				<include>BreadCrumbSeparator</include>
				<include>BreadCrumbSlideLvl2Anim</include>
			</control>
		</control>
	</include>

	<include name="BreadCrumbNextAired">
		<control type="grouplist">
			<left>10</left>
			<top>StatusBartop</top>
			<height>43</height>
			<width>740</width>
			<itemgap>8</itemgap>
			<orientation>horizontal</orientation>
			<usecontrolcoords>true</usecontrolcoords>
			<control type="button" id="555">
				<include>BreadCrumbHomeIcon</include>
				<include>BreadCrumbSlideLvl1Anim</include>
			</control>
			<control type="image">
				<include>BreadCrumbSeparator</include>
				<include>BreadCrumbSlideLvl1Anim</include>
			</control>
			<control type="label">
				<include>BreadCrumbLabel</include>
				<label>[UPPERCASE][B]$LOCALIZE[4][/B][/UPPERCASE]</label>
				<include>BreadCrumbSlideLvl2Anim</include>
			</control>
			<control type="image">
				<include>BreadCrumbSeparator</include>
				<include>BreadCrumbSlideLvl2Anim</include>
			</control>
		</control>
	</include>
	
	<include name="BreadCrumbGlobalSearch">
		<control type="grouplist">
			<left>10</left>
			<top>StatusBartop</top>
			<height>43</height>
			<width>740</width>
			<itemgap>8</itemgap>
			<orientation>horizontal</orientation>
			<usecontrolcoords>true</usecontrolcoords>
			<control type="button" id="555">
				<include>BreadCrumbHomeIcon</include>
				<include>BreadCrumbSlideLvl1Anim</include>
				<ondown condition="!Window.IsActive(script-globalsearch-infodialog.xml)">Control.SetFocus(9000)</ondown>
				<ondown condition="Window.IsActive(script-globalsearch-infodialog.xml)">Control.SetFocus(190)</ondown>
			</control>
			<control type="image">
				<include>BreadCrumbSeparator</include>
				<include>BreadCrumbSlideLvl1Anim</include>
			</control>
			<control type="label">
				<include>BreadCrumbLabel</include>
				<label>[UPPERCASE][B]$LOCALIZE[137][/B][/UPPERCASE]</label>
				<include>BreadCrumbSlideLvl2Anim</include>
			</control>
			<control type="image">
				<include>BreadCrumbSeparator</include>
				<include>BreadCrumbSlideLvl2Anim</include>
			</control>
			<control type="label">
				<include>BreadCrumbLabel</include>
				<label>[UPPERCASE][B]$INFO[Container(9000).ListItem.Label][/B][/UPPERCASE]</label>
				<include>BreadCrumbSlideLvl3Anim</include>
				<visible>!IsEmpty(Container(9000).ListItem.Label) + !Container(9000).HasFocus(10) + !Window.IsActive(script-globalsearch-infodialog.xml)</visible>
			</control>
			<control type="image">
				<include>BreadCrumbSeparator</include>
				<include>BreadCrumbSlideLvl3Anim</include>
				<visible>!IsEmpty(Container(9000).ListItem.Label) + !Container(9000).HasFocus(10) + !Window.IsActive(script-globalsearch-infodialog.xml)</visible>
			</control>
			<control type="label">
				<include>BreadCrumbLabel</include>
				<label>[UPPERCASE][B]$INFO[Container(100).ListItem.Label][/B][/UPPERCASE]</label>
				<include>BreadCrumbSlideLvl3Anim</include>
				<visible>Window.IsActive(script-globalsearch-infodialog.xml)</visible>
			</control>
			<control type="image">
				<include>BreadCrumbSeparator</include>
				<include>BreadCrumbSlideLvl3Anim</include>
				<visible>Window.IsActive(script-globalsearch-infodialog.xml)</visible>
			</control>
		</control>
	</include>
	
	<include name="BreadCrumbVideoExtras">
		<control type="grouplist">
			<left>10</left>
			<top>StatusBartop</top>
			<height>43</height>
			<width>740</width>
			<itemgap>8</itemgap>
			<orientation>horizontal</orientation>
			<usecontrolcoords>true</usecontrolcoords>
			<control type="button" id="555">
				<include>BreadCrumbHomeIcon</include>
				<include>BreadCrumbSlideLvl1Anim</include>
			</control>
			<control type="image">
				<include>BreadCrumbSeparator</include>
				<include>BreadCrumbSlideLvl1Anim</include>
			</control>
			<!--
			<control type="label">
				<include>BreadCrumbLabel</include>
				<label>[UPPERCASE][B]$ADDON[script.videoextras 32001][/B][/UPPERCASE]</label>
				<include>BreadCrumbSlideLvl2Anim</include>
			</control>
			<control type="image">
				<include>BreadCrumbSeparator</include>
				<include>BreadCrumbSlideLvl2Anim</include>
			</control>
			-->
			<control type="label">
				<description>Movies</description>
				<include>BreadCrumbLabel</include>
				<label>[UPPERCASE][B]$LOCALIZE[20342][/B][/UPPERCASE]</label>
				<visible>IsEmpty(ListItem.TvShowTitle)</visible>
				<include>BreadCrumbSlideLvl2Anim</include>
			</control>			
			<control type="label">
				<description>TV Shows</description>
				<include>BreadCrumbLabel</include>
				<label>[UPPERCASE][B]$LOCALIZE[20343][/B][/UPPERCASE]</label>
				<visible>!IsEmpty(ListItem.TvShowTitle)</visible>
				<include>BreadCrumbSlideLvl2Anim</include>
			</control>
			<control type="image">
				<include>BreadCrumbSeparator</include>
				<include>BreadCrumbSlideLvl2Anim</include>
			</control>
			<control type="label">
				<description>Movie / TV Show / Music Video Title</description>
				<include>BreadCrumbLabel</include>
				<label>[UPPERCASE][B]$INFO[ListItem.Title][/UPPERCASE][/B]</label>
				<include>BreadCrumbSlideLvl3Anim</include>
				<visible>!IsEmpty(ListItem.Title)</visible>
			</control>
			<control type="image">
				<include>BreadCrumbSeparator</include>
				<include>BreadCrumbSlideLvl3Anim</include>
				<visible>!IsEmpty(ListItem.Title)</visible>
			</control>
			<control type="label">
				<include>BreadCrumbLabel</include>
				<label>[UPPERCASE][B]$ADDON[script.videoextras 32001][/B][/UPPERCASE]</label>
				<include>BreadCrumbSlideLvl4Anim</include>
			</control>
			<control type="image">
				<include>BreadCrumbSeparator</include>
				<include>BreadCrumbSlideLvl4Anim</include>
			</control>
		</control>
	</include>
	
	<include name="BreadCrumbMovieSetInfo">	
		<control type="grouplist">
			<left>10</left>
			<top>StatusBartop</top>
			<height>43</height>
			<width>740</width>
			<itemgap>8</itemgap>
			<orientation>horizontal</orientation>
			<usecontrolcoords>true</usecontrolcoords>
			<control type="button" id="555">
				<include>BreadCrumbHomeIcon</include>
				<include>BreadCrumbSlideLvl1Anim</include>
			</control>
			<control type="image">
				<include>BreadCrumbSeparator</include>
				<include>BreadCrumbSlideLvl1Anim</include>
			</control>
			<control type="label">
				<description>Movies</description>
				<include>BreadCrumbLabel</include>
				<label>[UPPERCASE][B]$LOCALIZE[20342][/B][/UPPERCASE]</label>
				<include>BreadCrumbSlideLvl2Anim</include>
			</control>
			<control type="image">
				<include>BreadCrumbSeparator</include>
				<include>BreadCrumbSlideLvl2Anim</include>
			</control>
			<control type="label">
				<description>Sets</description>
				<include>BreadCrumbLabel</include>
				<label>[UPPERCASE][B]$LOCALIZE[20434][/B][/UPPERCASE]</label>
				<include>BreadCrumbSlideLvl3Anim</include>
			</control>
			<control type="image">
				<include>BreadCrumbSeparator</include>
				<include>BreadCrumbSlideLvl3Anim</include>
			</control>
			<control type="label">
				<description>Information</description>
				<include>BreadCrumbLabel</include>
				<label>[UPPERCASE][B]$LOCALIZE[19033][/B][/UPPERCASE]</label>
				<include>BreadCrumbSlideLvl4Anim</include>
			</control>
			<control type="image">
				<include>BreadCrumbSeparator</include>
				<include>BreadCrumbSlideLvl4Anim</include>
			</control>
		</control>
	</include>
	
	<include name="BreadCrumbExtendedInfoDialogVideoInfo">
		<control type="grouplist">
			<left>10</left>
			<top>StatusBartop</top>
			<height>43</height>
			<width>740</width>
			<itemgap>8</itemgap>
			<orientation>horizontal</orientation>
			<usecontrolcoords>true</usecontrolcoords>
			<control type="button" id="555">
				<include>BreadCrumbHomeIcon</include>
				<include>BreadCrumbSlideLvl1Anim</include>
			</control>
			<control type="image">
				<include>BreadCrumbSeparator</include>
				<include>BreadCrumbSlideLvl1Anim</include>
			</control>
			<control type="label" id="5502">
				<description>Movies / TV Shows / Seasons / Episodes</description>
				<include>BreadCrumbLabel</include>
				<label>[UPPERCASE][B]$VAR[ExtendedInfoDialogVideoInfoLabel][/B][/UPPERCASE]</label>
				<include>BreadCrumbSlideLvl2Anim</include>
			</control>
			<control type="image">
				<include>BreadCrumbSeparator</include>
				<include>BreadCrumbSlideLvl2Anim</include>
			</control>
			<control type="label" id="5510">
				<description>Information</description>
				<include>BreadCrumbLabel</include>
				<label>[UPPERCASE][B]$LOCALIZE[31304][/B][/UPPERCASE]</label>
				<include>BreadCrumbSlideLvl3Anim</include>
			</control>
			<control type="image">
				<include>BreadCrumbSeparator</include>
				<include>BreadCrumbSlideLvl3Anim</include>
			</control>
		</control>
	</include>
	
	<include name="BreadCrumbExtendedInfoVideoList">	
		<control type="grouplist">
			<left>10</left>
			<top>StatusBartop</top>
			<height>43</height>
			<width>740</width>
			<itemgap>8</itemgap>
			<orientation>horizontal</orientation>
			<usecontrolcoords>true</usecontrolcoords>
			<control type="button" id="555">
				<include>BreadCrumbHomeIcon</include>
				<include>BreadCrumbSlideLvl1Anim</include>
			</control>
			<control type="image">
				<include>BreadCrumbSeparator</include>
				<include>BreadCrumbSlideLvl1Anim</include>
			</control>
			<control type="label">
				<description>Type</description>
				<include>BreadCrumbLabel</include>
				<label>[UPPERCASE][B]$INFO[Window.Property(Type)][/B][/UPPERCASE]</label>
				<include>BreadCrumbSlideLvl2Anim</include>
			</control>
			<control type="image">
				<include>BreadCrumbSeparator</include>
				<include>BreadCrumbSlideLvl2Anim</include>
			</control>
			<control type="label">
				<description>Filter</description>
				<width min="10" max="800">auto</width>
				<include>BreadCrumbLabel</include>
				<label>[UPPERCASE][B]$INFO[Window.Property(Filter_Label)][/B][/UPPERCASE]</label>
				<include>BreadCrumbSlideLvl3Anim</include>
				<visible>!IsEmpty(Window.Property(Filter_Label))</visible>
			</control>
			<control type="image">
				<include>BreadCrumbSeparator</include>
				<include>BreadCrumbSlideLvl3Anim</include>
				<visible>!IsEmpty(Window.Property(Filter_Label))</visible>
			</control>
		</control>
	</include>
</includes>
