<?xml version="1.0" encoding="UTF-8"?>
<window id="1">
	<defaultcontrol always="true">500</defaultcontrol>
	<allowoverlay>yes</allowoverlay>
	<views>50,52,90,91,93,590,591,592,593,594,595,596,597,598</views>
	<onload condition="System.HasAddon(script.artistslideshow) + [Skin.HasSetting(UseFanartForMusicPlayingBG) | Skin.HasSetting(UseVisualizationAndFanartForMusicPlayingBG)] + Skin.HasSetting(EnableArtistFanartSlideshow)">RunScript(script.artistslideshow)</onload>
	
	<controls>
		<control type="group">	
			<include>BackgroundDefault</include>
			<include condition="[!IsEmpty(Skin.String(CustomProgramsBGPath)) + [Skin.String(CustomProgramsBGType,2) | Skin.String(CustomProgramsBGType,3)]]
			+ Skin.HasSetting(ApplyAllProgramsCustomBG)">BackgroundPrograms</include>
			<include>BackgroundAddonsFanart</include>
			<include>BackgroundProgramsFanart</include>
			<include condition="!Skin.HasSetting(DisableVideoPlayingBG)">BackgroundVideoPlaying</include>
			<include condition="!Skin.HasSetting(DisableMusicPlayingBG)">BackgroundMusicPlaying</include>
			<include>BackgroundOpenCloseAnim</include>
		</control>

		<control type="group">     
			<visible>!Window.IsActive(AddonInformation)</visible>
			<include>IconView</include> <!-- 50 -->
			<include>ListView</include> <!-- 52 -->
			<include>AddonsWideListView</include> <!-- 90 -->
			<include>AddonsListInfoView</include> <!-- 91 -->
			<include>AddonsWrapListInfoView</include> <!-- 93 -->
			<include>ProgramsListInfoView</include> <!-- 590 -->
			<include>ProgramsListInfoView2</include> <!-- 591 -->
			<include>ProgramsListInfoView3</include> <!-- 592 -->
			<include>ProgramsThumbsInfoView</include> <!-- 593 -->
			<include>ProgramsThumbsInfoView2</include> <!-- 594 -->
			<include>ProgramsThumbsInfoView3</include> <!-- 595 -->
			<include>ProgramsWrapListInfoView</include> <!-- 596 -->
			<include>ProgramsWrapListInfoView2</include> <!-- 597 -->
			<include>ProgramsWrapListInfoView3</include> <!-- 598 -->
		</control>
		
		<include condition="!Skin.HasSetting(EnableKioskMode)">MediaMenuBar</include>
		
		<control type="group">
			<description>Top Bar Area</description>
			<visible>![System.IdleTime(3) + !Control.IsVisible(505) + Skin.HasSetting(HideTopBar) + !Control.HasFocus(555)]</visible>
			<include>TopBarImage</include>
			<include>TopBarOpenCloseAnim</include>
			<include>BreadCrumbPrograms</include>
			<include>Notifications</include>
		</control>
	</controls>		
</window>