<?xml version="1.0" encoding="UTF-8"?>
<window>
	<defaultcontrol>1001</defaultcontrol>
	<allowoverlay>no</allowoverlay>
	
	<coordinates>
		<system>1</system>
		<posx>468</posx>
		<posy>274</posy>
	</coordinates>
	
	<controls>
		<control type="image" id="997">
			<visible>false</visible>
		</control>
		<control type="image" id="998">
			<visible>false</visible>
		</control>
		<control type="image" id="999">
			<visible>false</visible>
		</control>
		<control type="button" id="1001">
			<onfocus>SetFocus(1004)</onfocus>
			<visible allowhiddenfocus="true">false</visible>
		</control>
		<control type="button" id="1002">
			<visible>false</visible>
		</control>
		<control type="button" id="1003">
			<visible>false</visible>
		</control>
			
		<control type="group">
			<animation effect="slide" end="0,18" condition="IsEmpty(Control.GetLabel(1002))">Conditional</animation>
			<animation effect="slide" end="0,36" condition="IsEmpty(Control.GetLabel(1002)) + IsEmpty(Control.GetLabel(1003))">Conditional</animation>
			<include>DialogOpenCloseAnim</include>
			
			<control type="grouplist">
				<width>344</width>
				<itemgap>0</itemgap>
				<control type="image">
					<description>Context Menu Top</description>
					<width>344</width>
					<height>32</height>
					<texture border="40,30,40,0">gui/context-menu-top.png</texture>
				</control>				
				<control type="image">
					<description>Context Menu Middle</description>
					<width>344</width>
					<height>36</height>
					<texture border="40,2,40,2">gui/context-menu-middle.png</texture>
				</control>
				<control type="image">
					<description>Context Menu Middle</description>
					<width>344</width>
					<height>36</height>
					<texture border="40,2,40,2">gui/context-menu-middle.png</texture>
					<visible>!IsEmpty(Control.GetLabel(1002))</visible>
				</control>
				<control type="image">
					<description>Context Menu Middle</description>
					<width>344</width>
					<height>36</height>
					<texture border="40,2,40,2">gui/context-menu-middle.png</texture>
					<visible>!IsEmpty(Control.GetLabel(1003))</visible>
				</control>
				<control type="image">
					<description>Context Menu Bottom</description>
					<width>344</width>
					<height>32</height>
					<texture border="40,0,40,30">gui/context-menu-bottom.png</texture>
				</control>
			</control>
			
			<control type="grouplist">
				<top>32</top>
				<left>32</left>
				<itemgap>2</itemgap>
				<control type="button" id="1004">
					<include>ContextMenuBtn</include>
					<label>$INFO[Control.GetLabel(1001)]</label>
					<onclick>SendClick(1001)</onclick>
				</control>
				<control type="button" id="1005">
					<include>ContextMenuBtn</include>
					<label>$INFO[Control.GetLabel(1002)]</label>
					<onclick>SendClick(1002)</onclick>
					<visible>!IsEmpty(Control.GetLabel(1002))</visible>
				</control>
				<control type="button" id="1006">
					<include>ContextMenuBtn</include>
					<label>$INFO[Control.GetLabel(1003)]</label>
					<onclick>SendClick(1003)</onclick>
					<visible>!IsEmpty(Control.GetLabel(1003))</visible>
				</control>
			</control>	
			
			<control type="button">
				<left>284</left>
				<top>8</top>
				<include>DialogCloseBtn</include>
			</control>
		</control>
	</controls>
</window>
