<?xml version="1.0" encoding="UTF-8"?>
<colors>
	<color name="WhiteColor">fff3f3f3</color>
	<color name="BlackColor">ff000000</color>
	<color name="GreyColor">ffcecece</color>
	<color name="GreyColor2">ffc0c0c0</color>
	<color name="GreyColor3">ff5e5e5e</color>
	<color name="DefaultColor">ffAEB404</color> <!-- gold -->
	<color name="DefaultColor2">ff5E610B</color> <!-- dark gold -->
	<color name="DefaultColor3">ffD7DF01</color> <!-- light gold -->
	<color name="SelectedColor">ffffffff</color>
	<color name="SelectedColor2">ffAEB404</color>
	<color name="DisabledColor">ff8e8e8e</color>
	<color name="ShadowColor">ff000000</color>
	<color name="ButtonColor">ffcecece</color>
	<color name="ButtonFocusColor">ffffffff</color>
	<color name="MenuItemColor">ffcecece</color>
	<color name="MenuItemFocusColor">ffffffff</color>
	<color name="HomeSubMenuColor">ff8e8e8e</color>
	<color name="BreadCrumbColor">ffc0c0c0</color>
	<color name="InfoPaneColor">ffD7DF01</color>
	<color name="InfoPaneColor2">ff5E610B</color>
	<color name="ListColor">ffcecece</color>
	<color name="ListColor2">ffc0c0c0</color>
	<color name="ListColor3">ff5E610B</color>
	<color name="MediaInfoColor">ffd2d2d2</color>
	<color name="MediaInfoTitleColor">ffAEB404</color>
	<color name="MediaInfoTitleColor2">ffc0c0c0</color>
	<color name="MediaInfoItemColor">ff5E610B</color>
	<color name="MediaInfoItemColor2">ffcecece</color>
	<color name="LiveTVColumnColor">dd0c2134</color>
	<color name="LiveTVColumnColor2">ff2d5a83</color>
	<color name="LiveTVColumnColor3">ff000000</color>
	<color name="DialogTitleColor">ffAEB404</color>
	<color name="StatusBarColor">ffD7DF01</color>
	<color name="StatusBarColor2">ff5E610B</color>
	<color name="ProgressColor">ffb8b8b8</color>
	<color name="ProgressColor2">ff5E610B</color>
	<color name="SettingsCatColor">ffAEB404</color>
	<color name="SettingsContentColor">ffcecece</color>
	<color name="ContentTitleColor">ff5E610B</color>
	<color name="WeatherHighTemperatureColor">FFCE4421</color>
</colors>