<?xml version="1.0" encoding="UTF-8"?>
<addon
  id="skin.rapier(ARB MOD)"
  version="1.0.0"
  name="Rapier (ARB MOD)"
  provider-name="Scarfa, Gade">
  <requires>
    <import addon="xbmc.gui" version="5.3.0"/>
    <import addon="script.favourites" version="4.0.9"/>
	<import addon="script.artistslideshow" version="1.6.5"/>
    <import addon="service.skin.widgets" version="0.0.29"/>
	<import addon="script.randomandlastitems" version="2.2.2"/>
    <import addon="script.artwork.downloader" version="12.0.28"/>
	<import addon="script.tv.show.next.aired" version="6.0.10"/>
	<import addon="script.globalsearch" version="2.0.8"/>
	<import addon="script.grab.fanart" version="0.13.2"/>
  </requires>
  <extension 
    point="xbmc.gui.skin"
    defaultthemename="Textures.xbt" 
    effectslowdown="0.75"
    debugging="false">
    <res width="1280" height="720" aspect="16:9" default="true" folder="720p" />
  </extension>
  <extension point="xbmc.addon.metadata">
    <summary lang="en">Rapier skin by Scarfa, Gade.</summary>
    <description lang="en">This is a modified version of the Rapier skin. All original code for this skin belong to Scarfa and Gade.</description>
    <disclaimer>I do not claim to own any of the original code for this skin.</disclaimer>
    <platform>all</platform>
  </extension>
</addon>
