<?xml version="1.0" encoding="UTF-8"?>
<window type="dialog" id="3009">
	<defaultcontrol always="true">200</defaultcontrol>
	<allowoverlay>no</allowoverlay>

	<controls>
		<control type="button">
			<onclick>Dialog.Close(3009)</onclick>
			<include>DropDownMenuCloseHitRect</include>
		</control>
		
		<control type="grouplist" id="200">
			<left>1088</left>
			<top>80</top>
			<width>196</width>
			<itemgap>0</itemgap>
			<orientation>vertical</orientation>
			<onup>200</onup>
			<ondown>200</ondown>
			<onleft>Dialog.Close(3009)</onleft>
			<onright>Dialog.Close(3009)</onright>
			<include>MenuOpenCloseAnim</include>
			<visible>Skin.String(ExtendedInfoDialog,5)</visible>
			<control type="image" id="780">
				<width>196</width>
				<include>DropDownMenuTopBorder</include>
			</control>
			<control type="button" id="1">
				<description>Genre</description>
				<width>196</width>
				<textwidth>160</textwidth>
				<include>DropDownMenuBtn</include>
				<label>$LOCALIZE[515]</label>
				<onclick>Dialog.Close(3009)</onclick>
				<onclick>SendClick(3011,5002)</onclick>				
			</control>
			<control type="button" id="2">
				<description>Release Date</description>
				<width>196</width>
				<textwidth>160</textwidth>
				<include>DropDownMenuBtn</include>
				<label>$LOCALIZE[172]</label>
				<onclick>Dialog.Close(3009)</onclick>
				<onclick>SendClick(3011,5003)</onclick>				
			</control>
			<control type="button" id="3">
				<description>Certification</description>
				<width>196</width>
				<textwidth>160</textwidth>
				<include>DropDownMenuBtn</include>
				<label>$ADDON[script.extendedinfo 32127]</label>
				<onclick>Dialog.Close(3009)</onclick>
				<onclick>SendClick(3011,5006)</onclick>				
			</control>
			<control type="button" id="4">
				<description>Actor / Crew Member</description>
				<width>196</width>
				<textwidth>160</textwidth>
				<include>DropDownMenuBtn</include>
				<label>$ADDON[script.extendedinfo 32126]</label>
				<onclick>Dialog.Close(3009)</onclick>
				<onclick>SendClick(3011,5008)</onclick>				
			</control>
			<control type="button" id="5">
				<description>Keyword</description>
				<width>196</width>
				<textwidth>160</textwidth>
				<include>DropDownMenuBtn</include>
				<label>$ADDON[script.extendedinfo 32114]</label>
				<onclick>Dialog.Close(3009)</onclick>
				<onclick>SendClick(3011,5009)</onclick>				
			</control>
			<control type="button" id="6">
				<description>Studio</description>
				<width>196</width>
				<textwidth>160</textwidth>
				<include>DropDownMenuBtn</include>
				<label>$LOCALIZE[572]</label>
				<onclick>Dialog.Close(3009)</onclick>
				<onclick>SendClick(3011,5010)</onclick>				
			</control>
			<control type="button" id="7">
				<description>Vote Count</description>
				<width>196</width>
				<textwidth>160</textwidth>
				<include>DropDownMenuBtn</include>
				<label>$ADDON[script.extendedinfo 32111]</label>
				<onclick>Dialog.Close(3009)</onclick>
				<onclick>SendClick(3011,5012)</onclick>				
			</control>
			<control type="button" id="8">
				<description>Clear Filters</description>
				<width>196</width>
				<textwidth>160</textwidth>
				<include>DropDownMenuBtn</include>
				<label>$ADDON[script.extendedinfo 32022]</label>
				<onclick>Dialog.Close(3009)</onclick>
				<onclick>SendClick(3011,5005)</onclick>				
			</control>
			<control type="image" id="781">
				<width>196</width>
				<include>DropDownMenuBottomBorder</include>
			</control>
		</control>
		
		<control type="grouplist" id="200">
			<description>View Mode Menu</description>
			<left>-4</left>
			<top>80</top>
			<width>196</width>
			<itemgap>0</itemgap>
			<orientation>vertical</orientation>
			<onup>200</onup>
			<ondown>200</ondown>
			<onleft>Dialog.Close(3009)</onleft>
			<onright>Dialog.Close(3009)</onright>
			<include>MenuOpenCloseAnim</include>
			<visible>Skin.String(ExtendedInfoDialog,4)</visible>
			<control type="image" id="780">
				<width>196</width>
				<include>DropDownMenuTopBorder</include>
			</control>
			<control type="button" id="1">
				<description>Thumbnail</description>
				<width>196</width>
				<textoffsetx>57</textoffsetx>
				<textwidth>130</textwidth>
				<include>DropDownMenuViewModeBtn</include>
				<label>$LOCALIZE[31107]</label>
				<onclick>Skin.SetString(ExtendedInfoViewStyle,1)</onclick>
				<onclick>Dialog.Close(3009)</onclick>
			</control>
			<control type="button" id="2">
				<description>Thumbnail Small</description>
				<width>196</width>
				<textoffsetx>57</textoffsetx>
				<textwidth>130</textwidth>
				<include>DropDownMenuViewModeBtn</include>
				<label>$LOCALIZE[31109]</label>
				<onclick>Skin.SetString(ExtendedInfoViewStyle,2)</onclick>
				<onclick>Dialog.Close(3009)</onclick>
			</control>
			<!--<control type="button" id="3">
				<description>List</description>
				<width>196</width>
				<textoffsetx>57</textoffsetx>
				<textwidth>130</textwidth>
				<include>DropDownMenuViewModeBtn</include>
				<label>$LOCALIZE[31105]</label>
				<onclick>Skin.SetString(ExtendedInfoViewStyle,3)</onclick>
				<onclick>Dialog.Close(3009)</onclick>
			</control>-->
			<control type="image" id="781">
				<width>196</width>
				<include>DropDownMenuBottomBorder</include>
			</control>
		</control>

		<control type="grouplist">
			<description>View Mode Icons</description>
			<hitrect x="0" y="0" w="0" h="0"/> 
			<left>10</left>
			<top>96</top>
			<width>196</width>
			<itemgap>12</itemgap>
			<orientation>vertical</orientation>
			<usecontrolcoords>true</usecontrolcoords>
			<include>MenuOpenCloseAnim</include>
			<visible>Skin.String(ExtendedInfoDialog,4)</visible>
			<control type="image">
				<width>38</width>
				<height>25</height>
				<texture>gui/view-thumbnail.png</texture>
				<aspectratio align="left">stretch</aspectratio>
			</control>
			<control type="image">
				<width>38</width>
				<height>25</height>
				<texture>gui/view-icon.png</texture>
				<aspectratio align="left">stretch</aspectratio>
			</control>
			<!--<control type="image">
				<width>38</width>
				<height>25</height>
				<texture>gui/view-list.png</texture>
				<aspectratio align="left">stretch</aspectratio>
			</control>-->
		</control>
	</controls>	
</window>