<?xml version="1.0" encoding="UTF-8"?>
<includes>
	<default type="label">
		<font>font13</font>
        <textcolor>GreyColor2</textcolor>
		<selectedcolor>SelectedColor2</selectedcolor>
    </default>
	
	<default type="button">
		<width>200</width>
		<height>35</height>
		<font>ButtonFont</font>
		<textcolor>ButtonColor</textcolor>
		<focusedcolor>SelectedColor</focusedcolor>
		<disabledcolor>DisabledColor</disabledcolor>
		<shadowcolor>ShadowColor</shadowcolor>
		<align>center</align>
		<aligny>center</aligny>
		<textoffsetx>8</textoffsetx>
		<texturefocus border="5">controls/button-focus.png</texturefocus>
		<texturenofocus border="5">controls/button-nofocus.png</texturenofocus>
		<pulseonselect>true</pulseonselect>
	</default>

	<default type="radiobutton">
		<width>200</width>
		<height>35</height>
		<font>ButtonFont</font>
		<textcolor>ButtonColor</textcolor>
		<focusedcolor>SelectedColor</focusedcolor>
		<disabledcolor>DisabledColor</disabledcolor>
		<shadowcolor>ShadowColor</shadowcolor>
		<textoffsetx>8</textoffsetx>
		<aligny>center</aligny>
		<radioposx>-</radioposx>
		<radioposy>-</radioposy>
		<radiowidth>50</radiowidth>
		<radioheight>20</radioheight>
		<textureradiofocus>controls/radio-button-focus.png</textureradiofocus>
		<textureradionofocus>controls/radio-button-nofocus.png</textureradionofocus>
		<texturefocus border="5">controls/button-focus.png</texturefocus>
		<texturenofocus border="5">controls/button-nofocus.png</texturenofocus>
		<pulseonselect>true</pulseonselect>
	</default>
	
	<default type="togglebutton">
		<width>200</width>
		<height>35</height>
		<font>ButtonFont</font>
		<textcolor>ButtonColor</textcolor>
		<focusedcolor>SelectedColor</focusedcolor>
		<disabledcolor>DisabledColor</disabledcolor>
		<shadowcolor>ShadowColor</shadowcolor>
		<textoffsetx>8</textoffsetx>
		<align>center</align>
	    <aligny>center</aligny>	
		<texturefocus border="5">controls/button-focus.png</texturefocus>
		<texturenofocus border="5">controls/button-nofocus.png</texturenofocus>
		<alttexturefocus border="5">controls/button-focus.png</alttexturefocus>
		<alttexturenofocus border="5">controls/button-nofocus.png</alttexturenofocus>
		<pulseonselect>true</pulseonselect>
	</default>
	
	<default type="selectbutton">
		<width>300</width>
		<height>100</height>
		<font>DefaultHeadFont</font>
		<textcolor>GreyColor2</textcolor>
		<selectedcolor>SelectedColor</selectedcolor>
		<disabledcolor>DisabledColor</disabledcolor>
		<shadowcolor>ShadowColor</shadowcolor>
		<align>center</align>
		<aligny>center</aligny>
		<textwidth>240</textwidth>
		<texturebg>-</texturebg>
		<textureleft>controls/arrow-scroll-left-nofocus.png</textureleft>
		<textureleftfocus>controls/arrow-scroll-left-focus.png</textureleftfocus>
		<textureright flipx="true">controls/arrow-scroll-left-nofocus.png</textureright>
		<texturerightfocus flipx="true">controls/arrow-scroll-left-focus.png</texturerightfocus>
	</default>
	
	<default type="spincontrol">	
		<width>28</width>
		<height>28</height>
		<font>SpinControlFont</font>
		<textcolor>DisabledColor</textcolor>
		<disabledcolor>DisabledColor</disabledcolor>
		<shadowcolor>ShadowColor</shadowcolor>
		<align>right</align>
		<aligny>center</aligny>
		<textoffsetx>0</textoffsetx>
		<textoffsety>0</textoffsety>
		<spinwidth>26</spinwidth>
		<spinheight>26</spinheight>		
		<textureup>controls/arrow-scroll-up-nofocus2.png</textureup>
		<texturedown flipy="true">controls/arrow-scroll-up-nofocus2.png</texturedown>
		<textureupfocus>controls/arrow-scroll-up-focus2.png</textureupfocus>
		<texturedownfocus flipy="true">controls/arrow-scroll-up-focus2.png</texturedownfocus>
		<reverse>yes</reverse>
		<subtype>page</subtype>
		<pulseonselect>true</pulseonselect>
	</default>
	
	<default type="spincontrolex">
		<width>400</width>
		<height>35</height>
		<spinwidth>23</spinwidth>
		<spinheight>16</spinheight>
		<font>DefaultFontB</font>
		<textcolor>GreyColor2</textcolor>
		<shadowcolor>ShadowColor</shadowcolor>
		<focusedcolor>SelectedColor</focusedcolor>
		<disabledcolor>DisabledColor</disabledcolor>
		<textoffsetx>8</textoffsetx>
		<align>left</align>
		<aligny>center</aligny>
		<texturefocus border="5">controls/button-focus.png</texturefocus>
		<texturenofocus border="5">controls/button-nofocus.png</texturenofocus>
		<textureup>controls/arrow-scroll-up-nofocus.png</textureup>
		<texturedown flipy="true">controls/arrow-scroll-up-nofocus.png</texturedown>
		<textureupfocus>controls/arrow-scroll-up-focus.png</textureupfocus>
		<texturedownfocus flipy="true">controls/arrow-scroll-up-focus.png</texturedownfocus>	
		<reverse>yes</reverse>
		<pulseonselect>true</pulseonselect>
	</default>
	
	<default type="edit">
		<width>400</width>
		<height>35</height>
		<font>DefaultFontB</font>
		<textcolor>GreyColor2</textcolor>
		<focusedcolor>SelectedColor</focusedcolor>
		<shadowcolor>ShadowColor</shadowcolor>
		<aligny>center</aligny>
		<textoffsetx>8</textoffsetx>
		<textwidth>390</textwidth>
		<texturefocus border="5">controls/button-focus.png</texturefocus>
		<texturenofocus border="5">controls/button-nofocus.png</texturenofocus>
		<pulseonselect>true</pulseonselect>
	</default>
	
	<default type="sliderex">
		<height>35</height>
		<font>DefaultHeadFont</font>
		<textcolor>ButtonColor</textcolor>
		<focusedcolor>SelectedColor</focusedcolor>
		<disabledcolor>DisabledColor</disabledcolor>
		<shadowcolor>ShadowColor</shadowcolor>
		<aligny>center</aligny>
		<textoffsetx>8</textoffsetx>
		<sliderwidth>105</sliderwidth>
		<sliderheight>24</sliderheight>
		<texturefocus border="5">controls/button-focus.png</texturefocus>
		<texturenofocus border="5">controls/button-nofocus.png</texturenofocus>
		<texturesliderbar>controls/slider-background.png</texturesliderbar>
		<textureslidernibfocus>controls/slider-nib-focus.png</textureslidernibfocus>
		<textureslidernib>controls/slider-nib-nofocus.png</textureslidernib>	
	</default>
	
	<default type="progress">
		<width>400</width>
		<height>12</height>
		<texturebg border="4">controls/progress-background.png</texturebg>
		<lefttexture>-</lefttexture>
		<midtexture border="2">controls/scrollbar-slider-horz-focus.png</midtexture>
		<righttexture>-</righttexture>
		<overlaytexture>-</overlaytexture>
	</default>
	
	<default type="scrollbar">
		<height>400</height>
		<width>14</width>
		<orientation>vertical</orientation>
		<texturesliderbackground border="4">controls/scrollbar-background.png</texturesliderbackground>
		<texturesliderbar border="2">controls/scrollbar-slider-nofocus.png</texturesliderbar>
		<texturesliderbarfocus border="2">controls/scrollbar-slider-focus.png</texturesliderbarfocus>
		<textureslidernib>controls/scrollbar-nib-nofocus.png</textureslidernib>
		<textureslidernibfocus>controls/scrollbar-nib-focus.png</textureslidernibfocus>
		<showonepage>false</showonepage>
		<pulseonselect>false</pulseonselect>
	</default>
</includes>