<?xml version="1.0" encoding="UTF-8"?>
<window id="604">
	<defaultcontrol always="true">29</defaultcontrol>

	<coordinates>
		<system>1</system>
		<origin x="205" y="122">true</origin>
	</coordinates>

	<controls>
		<control type="group">
			<visible>!Window.IsVisible(FileBrowser)</visible>
			<include>PVRGroupManagerDialogBox</include>
			<include>DialogOpenCloseAnim</include>

			<control type="label">
				<description>Title</description>
				<width>790</width>
				<label>$LOCALIZE[19143]</label>
				<include>DialogTitle</include>
				<scroll>true</scroll>
			</control>

			<control type="grouplist" id="9002">
				<description>Dialog Button Area</description>
				<left>85</left>
				<top>420</top>
				<onup>9001</onup>
				<ondown>9001</ondown>
				<orientation>horizontal</orientation>
				<itemgap>0</itemgap>
				<control type="button" id="26">
					<description>Add Group</description>
					<include>DialogMenuBarSmallBtn</include>
					<label>$LOCALIZE[31904]</label>
				</control>
				<control type="button" id="27">
					<description>Rename Group</description>
					<include>DialogMenuBarSmallBtn</include>
					<label>$LOCALIZE[31905]</label>
				</control>
				<control type="button" id="28">
					<description>Delete Group</description>
					<include>DialogMenuBarSmallBtn</include>
					<label>$LOCALIZE[31906]</label>
				</control>
				<control type="label" id="1">
					<width>100</width>
				</control>
				<control type="button" id="29">
					<description>OK</description>
					<include>DialogMenuBarSmallBtn</include>
					<label>$LOCALIZE[186]</label>
				</control>
			</control>

			<control type="label" id="20">
				<description>Groups Name</description>
				<visible>false</visible>
			</control>

			<control type="group" id="9001">
				<left>DialogMarginOffsetX</left>
				<top>DialogMarginOffsetY</top>
				<control type="group"> 
					<description>Available Groups</description>
					<control type="image">
						<width>262</width>
						<height>35</height>
						<texture background="true" border="7">controls/button-nofocus.png</texture>
					</control>

					<control type="label">
						<top>8</top>
						<width>262</width>
						<height>35</height>
						<align>center</align>
						<include>DialogHeadLabel</include>
						<label>$LOCALIZE[31902]</label>
					</control>

					<control type="image">
						<top>40</top>
						<width>262</width>
						<height>320</height>
						<texture background="true" border="7">controls/button-nofocus.png</texture>
					</control>

					<control type="list" id="13">
						<top>40</top>
						<width>262</width>
						<height>320</height>
						<onleft>9002</onleft>
						<onright>11</onright>
						<onup>13</onup>
						<ondown>13</ondown>
						<scrolltime>200</scrolltime>
						<itemlayout height="40" width="262">
							<control type="label">
								<left>15</left>
								<width>262</width>
								<height>40</height>
								<include>DialogContentLabel</include>
								<label>$INFO[ListItem.Label]</label>
							</control>
						</itemlayout>

						<focusedlayout height="40" width="262">
							<control type="image">
								<width>262</width>
								<height>40</height>
								<texture border="5">controls/button-focus.png</texture>
								<visible>Control.HasFocus(13)</visible>
								<animation effect="slide" start="0,-35" time="200" tween="quadratic" easing="out" reversible="false" condition="Container(450).OnNext">Focus</animation>
								<animation effect="slide" start="0,35" time="200" tween="quadratic" easing="out" reversible="false" condition="Container(450).OnPrevious">Focus</animation>
							</control>

							<control type="image">
								<width>262</width>
								<height>40</height>
								<texture border="5">controls/button-alt-focus.png</texture>
								<visible>!Control.HasFocus(13)</visible>
							</control>

							<control type="label">
								<left>15</left>
								<width>262</width>
								<height>40</height>
								<include>DialogContentLabel</include>
								<label>$INFO[ListItem.Label]</label>
								<textcolor>SelectedColor</textcolor>
							</control>
						</focusedlayout>
					</control>
				</control>

				<control type="group"> 
					<description>Hidden Channels</description>
					<left>269</left>
					<control type="image">
						<width>262</width>
						<height>35</height>
						<texture background="true" border="7">controls/button-nofocus.png</texture>
					</control>

					<control type="label">
						<top>8</top>
						<width>262</width>
						<height>35</height>
						<align>center</align>
						<include>DialogHeadLabel</include>
						<label>$LOCALIZE[31903]</label>
					</control>

					<control type="image">
						<top>40</top>
						<width>262</width>
						<height>320</height>
						<texture background="true" border="7">controls/button-nofocus.png</texture>
					</control>

					<control type="list" id="11">
						<top>40</top>
						<width>262</width>
						<height>320</height>
						<onleft>13</onleft>
						<onright>12</onright>
						<onup>11</onup>
						<ondown>11</ondown>
						<scrolltime>200</scrolltime>
						<itemlayout height="40" width="262">
							<control type="label">
								<left>15</left>
								<width>262</width>
								<height>40</height>
								<include>DialogContentLabel</include>
								<label>[B]$INFO[ListItem.ChannelNumber,, ][/B]$INFO[ListItem.ChannelName]</label>
							</control>
						</itemlayout>

						<focusedlayout height="40" width="262">
							<control type="image">
								<width>262</width>
								<height>40</height>
								<texture border="5">controls/button-focus.png</texture>
								<visible>Control.HasFocus(11)</visible>
								<animation effect="slide" start="0,-35" time="200" tween="quadratic" easing="out" reversible="false" condition="Container(450).OnNext">Focus</animation>
								<animation effect="slide" start="0,35" time="200" tween="quadratic" easing="out" reversible="false" condition="Container(450).OnPrevious">Focus</animation>
							</control>

							<control type="image">
								<width>262</width>
								<height>40</height>
								<texture border="5">controls/button-alt-focus.png</texture>
								<visible>!Control.HasFocus(11)</visible>
							</control>

							<control type="label">
								<left>15</left>
								<width>262</width>
								<height>40</height>
								<include>DialogContentLabel</include>
								<label>[B]$INFO[ListItem.ChannelNumber,, ][/B]$INFO[ListItem.ChannelName]</label>
								<textcolor>SelectedColor</textcolor>
							</control>
						</focusedlayout>
					</control>
				</control>

				<control type="group"> 
					<description>Grouped Channels</description>
					<left>538</left>
					<control type="image">
						<width>262</width>
						<height>35</height>
						<texture background="true" border="7">controls/button-nofocus.png</texture>
					</control>

					<control type="label">
						<top>8</top>
						<width>262</width>
						<height>35</height>
						<align>center</align>
						<include>DialogHeadLabel</include>
						<label>$INFO[Control.GetLabel(20)]</label>
					</control>

					<control type="image">
						<top>40</top>
						<width>262</width>
						<height>320</height>
						<texture background="true" border="7">controls/button-nofocus.png</texture>
					</control>

					<control type="list" id="12">
						<top>40</top>
						<width>262</width>
						<height>320</height>
						<onleft>11</onleft>
						<onright>9002</onright>
						<onup>12</onup>
						<ondown>12</ondown>
						<scrolltime>200</scrolltime>
						<itemlayout height="40" width="262">
							<control type="label">
								<left>15</left>
								<width>262</width>
								<height>40</height>
								<include>DialogContentLabel</include>
								<label>[B]$INFO[ListItem.ChannelNumber,,  ][/B]$INFO[ListItem.ChannelName]</label>
							</control>
						</itemlayout>

						<focusedlayout height="40" width="262">
							<control type="image">
								<width>262</width>
								<height>40</height>
								<texture border="5">controls/button-focus.png</texture>
								<visible>Control.HasFocus(12)</visible>
								<animation effect="slide" start="0,-35" time="200" tween="quadratic" easing="out" reversible="false" condition="Container(450).OnNext">Focus</animation>
								<animation effect="slide" start="0,35" time="200" tween="quadratic" easing="out" reversible="false" condition="Container(450).OnPrevious">Focus</animation>
							</control>

							<control type="image">
								<width>262</width>
								<height>40</height>
								<texture border="5">controls/button-alt-focus.png</texture>
								<visible>!Control.HasFocus(12)</visible>
							</control>

							<control type="label">
								<left>15</left>
								<width>262</width>
								<height>40</height>
								<include>DialogContentLabel</include>
								<label>[B]$INFO[ListItem.ChannelNumber,,  ][/B]$INFO[ListItem.ChannelName]</label>
							</control>
						</focusedlayout>
					</control>
				</control>
			</control>
		</control>
	</controls>
</window>