<?xml version="1.0" encoding="UTF-8"?>
<window id="2008">
	<defaultcontrol always="true">450</defaultcontrol>
	<allowoverlay>no</allowoverlay>

	<coordinates>
		<system>1</system>
		<origin x="395" y="180">true</origin>
	</coordinates>
	
	<controls>
		<control type="group">
			<include>FileStackingDialogBox</include>
			<include>DialogOpenCloseAnim</include>
			
			<control type="label" id="1">
				<include>DialogTitle2</include>
				<label>$INFO[ListItem.Label]</label>
			</control>
			
			<control type="image">
				<left>DialogMarginOffsetX</left>
				<top>DialogMarginOffsetY</top>
				<width>128</width>
				<height>128</height>
				<texture>DefaultPlaylist.png</texture>
			</control>
				
			<control type="panel" id="450">
				<left>182</left>
				<top>85</top>
				<width>280</width>
				<height>80</height>
				<onup>450</onup>
				<ondown>450</ondown>
				<onleft>450</onleft>
				<onright>450</onright>
				<focusposition>2</focusposition>
				<itemlayout width="56" height="20">
					<control type="image">
						<left>0</left>
						<top>0</top>
						<width>54</width>
						<height>18</height>
						<aspectratio>stretch</aspectratio>
						<texture border="5">controls/button-nofocus.png</texture>
					</control>
				</itemlayout>
				<focusedlayout width="56" height="20">
					<control type="image">
						<left>0</left>
						<top>0</top>
						<width>54</width>
						<height>18</height>
						<aspectratio>stretch</aspectratio>
						<texture border="5">controls/button-focus.png</texture>
					</control>
				</focusedlayout>
			</control>
				
			<control type="label">
				<left>182</left>
				<top>DialogMarginOffsetY</top>
				<width>280</width>
				<font>DialogHeadFont</font>
				<textcolor>ButtonColor</textcolor>
				<align>left</align>
				<label>$INFO[Container(450).ListItem.Label]</label>
			</control>
		</control>
	</controls>
</window>