<?xml version="1.0" encoding="UTF-8"?>
<window id="606">
	<defaultcontrol always="true">9</defaultcontrol>
	<allowoverlay>no</allowoverlay>

	<coordinates>
		<system>1</system>
		<origin x="203" y="95">true</origin>
	</coordinates>

	<controls>
		<control type="group">
			<include>PVRGuideSearchDialogBox</include>
			<include>DialogOpenCloseAnim</include>	

			<control type="label">
				<description>Title</description>
				<width>795</width>
				<label>$LOCALIZE[19142]</label>
				<include>DialogTitle</include>
				<visible>!pvr.IsPlayingRadio</visible>
			</control>

			<control type="grouplist" id="9000">
				<description>Dialog Button Area</description>
				<left>183</left>
				<top>477</top>
				<onup>27</onup>
				<ondown>9</ondown>
				<orientation>horizontal</orientation>
				<itemgap>0</itemgap>
				<control type="button" id="28">
					<description>Defaults Button</description>
					<include>DialogMenuBarBtn</include>
					<label>$LOCALIZE[409]</label>
				</control>
				<control type="button" id="25">
					<description>Cancel Button</description>
					<include>DialogMenuBarBtn</include>
					<label>$LOCALIZE[222]</label>
				</control>
				<control type="button" id="26">
					<description>Search Button</description>
					<include>DialogMenuBarBtn</include>
					<label>$LOCALIZE[137]</label>
				</control>
			</control>

			<control type="group">
				<left>DialogMarginOffsetX</left>
				<top>DialogMarginOffsetY</top>

				<control type="image">
					<width>806</width>	
					<height>35</height>
					<texture border="5">controls/button-nofocus.png</texture>
				</control>

				<control type="edit" id="9">
					<description>Search string</description>
					<top>5</top>
					<width>796</width>
					<textwidth>796</textwidth>
					<height>25</height>
					<texturefocus>-</texturefocus>
					<texturenofocus>-</texturenofocus>
					<align>left</align>
					<onleft>9</onleft>
					<onright>9</onright>
					<onup>26</onup>
					<ondown>10</ondown>
				</control>

				<control type="textbox">
					<description>Search help</description>
					<left>3</left>
					<top>35</top>
					<width>800</width>
					<height>60</height>
					<aligny>top</aligny>
					<align>justify</align>
					<wrapmultiline>true</wrapmultiline>
					<include>DialogContentLabel</include>
					<label>$LOCALIZE[19001] $LOCALIZE[19002]</label>
					<include>ControlsOpenCloseAnim</include>
				</control>

				<control type="grouplist">
					<description>Left Pane Area</description>
					<top>100</top>
					<onleft>12</onleft>
					<onright>12</onright>
					<onup>9</onup>
					<ondown>26</ondown>
					<itemgap>5</itemgap>
					<control type="radiobutton" id="10">
						<description>Include Description</description>
						<width>400</width>
						<include>DialogContentLabel</include>
						<label>$LOCALIZE[19134]</label>
					</control>
					<control type="radiobutton" id="11">
						<description>Case Sensitive</description>
						<width>400</width>
						<include>DialogContentLabel</include>
						<label>$LOCALIZE[19135]</label>
					</control>
					<control type="edit" id="14">
						<description>Start Date</description>
						<textwidth>385</textwidth>
						<include>DialogContentLabel</include>
						<label>$LOCALIZE[19128]</label>
					</control>
					<control type="edit" id="15">
						<description>Stop Date</description>
						<textwidth>385</textwidth>
						<include>DialogContentLabel</include>
						<label>$LOCALIZE[19129]</label>
					</control>
					<control type="spincontrolex" id="18">
						<description>Genre</description>
						<include>DialogContentLabel</include>
						<label>$LOCALIZE[515]</label>
					</control>
					<control type="radiobutton" id="20">
						<description>Include unknown Genres</description>
						<width>400</width>
						<include>DialogContentLabel</include>
						<pulseonselect>no</pulseonselect>
						<label>$LOCALIZE[19132]</label>
					</control>
					<control type="radiobutton" id="22">
						<description>FTA only</description>
						<width>400</width>
						<include>DialogContentLabel</include>
						<pulseonselect>no</pulseonselect>
						<label>$LOCALIZE[19123]</label>
					</control>
					<control type="radiobutton" id="24">
						<description>Ignore Timers</description>
						<width>400</width>
						<include>DialogContentLabel</include>
						<pulseonselect>no</pulseonselect>
						<label>$LOCALIZE[19124]</label>
					</control>
				</control>

				<control type="grouplist">
					<description>Right Pane Area</description>
					<top>100</top>
					<left>406</left>
					<onright>10</onright>
					<onleft>10</onleft>
					<onup>9</onup>
					<ondown>26</ondown>
					<itemgap>5</itemgap>
					<control type="spincontrolex" id="12">
						<description>Min Duration</description>
						<include>DialogContentLabel</include>
						<label>$LOCALIZE[19130]</label>
					</control>
					<control type="spincontrolex" id="13">
						<description>Max Duration</description>
						<include>DialogContentLabel</include>
						<label>$LOCALIZE[19131]</label>
					</control>
					<control type="edit" id="16">
						<description>Start time</description>
						<textwidth>385</textwidth>
						<include>DialogContentLabel</include>
						<label>$LOCALIZE[19126]</label>
					</control>
					<control type="edit" id="17">
						<description>Stop time</description>
						<textwidth>385</textwidth>
						<include>DialogContentLabel</include>
						<label>$LOCALIZE[19127]</label>
					</control>
					<control type="radiobutton" id="19">
						<description>avoid repeats</description>
						<width>400</width>
						<include>DialogContentLabel</include>
						<pulseonselect>no</pulseonselect>
						<label>$LOCALIZE[19121]</label>
					</control>
					<control type="spincontrolex" id="21">
						<description>Groups</description>
						<include>DialogContentLabel</include>
						<label>$LOCALIZE[19141]</label>
					</control>
					<control type="spincontrolex" id="23">
						<description>Channels</description>
						<include>DialogContentLabel</include>
						<label>$LOCALIZE[19148]</label>
					</control>
					<control type="radiobutton" id="27">
						<description>Ignore Recordings</description>
						<width>400</width>
						<include>DialogContentLabel</include>
						<pulseonselect>no</pulseonselect>
						<label>$LOCALIZE[19125]</label>
					</control>
				</control>
			</control>
		</control>
	</controls>
</window>