<?xml version="1.0" encoding="UTF-8"?>
<includes>
	<variable name="GlobalSearchFanart">
		<value condition="Control.HasFocus(111) + !IsEmpty(Container(111).ListItem.Property(Fanart))">$INFO[Container(111).ListItem.Property(Fanart)]</value>
		<value condition="Control.HasFocus(211) + !IsEmpty(Container(211).ListItem.Property(Fanart))">$INFO[Container(211).ListItem.Property(Fanart)]</value>
		<value condition="Control.HasFocus(121) + !IsEmpty(Container(121).ListItem.Property(Fanart))">$INFO[Container(121).ListItem.Property(Fanart)]</value>
		<value condition="Control.HasFocus(131) + !IsEmpty(Container(131).ListItem.Property(Fanart))">$INFO[Container(131).ListItem.Property(Fanart)]</value>
		<value condition="Control.HasFocus(141) + !IsEmpty(Container(141).ListItem.Property(Fanart))">$INFO[Container(141).ListItem.Property(Fanart)]</value>
		<value condition="Control.HasFocus(151) + !IsEmpty(Container(151).ListItem.Property(Fanart))">$INFO[Container(151).ListItem.Property(Fanart)]</value>
		<value condition="Control.HasFocus(161) + !IsEmpty(Container(161).ListItem.Property(Fanart))">$INFO[Container(161).ListItem.Property(Fanart)]</value>
		<value condition="Control.HasFocus(171) + !IsEmpty(Container(171).ListItem.Property(Fanart))">$INFO[Container(171).ListItem.Property(Fanart)]</value>
		<value condition="Control.HasFocus(181) + !IsEmpty(Container(181).ListItem.Property(Fanart))">$INFO[Container(181).ListItem.Property(Fanart)]</value>
	</variable>
	
	<include name="BackgroundLoginScreen">
		<control type="image">
			<include>BackgroundSize</include>
			<texture>background-default.png</texture>
			<aspectratio>scale</aspectratio>
			<fadetime>BackgroundCrossfadeTime</fadetime>
			<include>BackgroundVisibleAnim</include>
		</control>
	</include>
	
	<include name="BackgroundWeather">		
		<control type="group">
			<include condition="![Skin.HasSetting(DisableMusicPlayingBG) | Skin.HasSetting(DisableVideoPlayingBG)]">IsMediaPlayingCondition</include>

			<control type="multiimage">
				<description>Custom Background</description>
				<include>BackgroundSize</include>
				<include condition="Skin.String(CustomWeatherBGType,2) | Skin.String(CustomWeatherBGType,3)">WeatherCustomBGPath</include>
				<include condition="Skin.String(CustomWeatherBGType,4)">WeatherConditionBGPath</include>
				<aspectratio>scale</aspectratio>
				<timeperimage>10000</timeperimage>
				<fadetime>BackgroundCrossfadeTime</fadetime>
				<randomize>true</randomize>
				<include condition="Skin.HasSetting(AnimateBackground)">CustomBackgroundAnim</include>
			</control>

			<include>WeatherBackgroundDim</include>
		</control>
	</include>
	
	<include name="BackgroundDefault">		
		<control type="group">
			<control type="multiimage">
				<include>BackgroundSize</include>
				<imagepath fallback="background-default.png">$INFO[Skin.String(CustomDefaultBGPath)]</imagepath>
				<aspectratio>scale</aspectratio>
				<timeperimage>10000</timeperimage>
				<fadetime>BackgroundCrossfadeTime</fadetime>
				<randomize>true</randomize>
			</control>

			<control type="image">
				<include>BackgroundDim</include>
				<animation effect="fade" end="50" reversible="false" condition="!Skin.HasSetting(DefaultBackgroundBrightnessHigh)">Conditional</animation>
				<animation effect="fade" end="75" reversible="false" condition="Skin.HasSetting(DefaultBackgroundBrightnessHigh)">Conditional</animation>
			</control>
		</control>
	</include>

	<include name="BackgroundHome">
		<control type="group">
			<include condition="![Skin.HasSetting(DisableMusicPlayingBG) | Skin.HasSetting(DisableVideoPlayingBG)]">IsMediaPlayingCondition</include>

			<control type="multiimage">
				<include>BackgroundSize</include>
				<imagepath fallback="background-default.png">$INFO[Skin.String(CustomDefaultBGPath)]</imagepath>
				<aspectratio>scale</aspectratio>
				<timeperimage>10000</timeperimage>
				<fadetime>BackgroundCrossfadeTime</fadetime>
				<randomize>true</randomize>
				<visible>IsEmpty(Container(850).ListItem.Thumb)</visible>
				<animation effect="fade" start="100" end="0" time="600">Hidden</animation>
			</control>

			<control type="group">		
				<control type="multiimage">
					<include>BackgroundSize</include>
					<imagepath fallback=".">$INFO[Container(850).ListItem.Thumb]</imagepath>
					<aspectratio>scale</aspectratio>
					<timeperimage>10000</timeperimage>
					<fadetime>BackgroundCrossfadeTime</fadetime>
					<randomize>true</randomize>
					<include condition="Skin.HasSetting(AnimateBackground)">CustomBackgroundAnim</include>
				</control>
			</control>
		</control>
	</include>

	<include name="BackgroundMusic">	
		<control type="group">
			<include condition="![Skin.HasSetting(DisableMusicPlayingBG) | Skin.HasSetting(DisableVideoPlayingBG)]">IsMediaPlayingCondition</include>

			<control type="multiimage">
				<description>Custom Background</description>
				<include>BackgroundSize</include>
				<include condition="Skin.String(CustomMusicBGType,2) | Skin.String(CustomMusicBGType,3)">MusicCustomBGPath</include>
				<include condition="Skin.String(CustomMusicBGType,4) + System.HasAddon(script.grab.fanart)">MusicFanartBGPath</include>
				<aspectratio>scale</aspectratio>
				<timeperimage>10000</timeperimage>
				<fadetime>BackgroundCrossfadeTime</fadetime>
				<randomize>true</randomize>
				<include condition="Skin.HasSetting(AnimateBackground)">CustomBackgroundAnim</include>
			</control>

			<include condition="Skin.String(CustomMusicBGType,2) | Skin.String(CustomMusicBGType,3)">MusicBackgroundDim</include>
			<include condition="Skin.String(CustomMusicBGType,4)">FanartDim</include>
		</control>
	</include>

	<include name="BackgroundVideos">
		<control type="group">
			<include condition="![Skin.HasSetting(DisableMusicPlayingBG) | Skin.HasSetting(DisableVideoPlayingBG) | [System.HasAddon(script.tvtunes) + IsEmpty(Window(Videos).Property(TvTunesIsAlive))]]">IsMediaPlayingCondition</include>

			<control type="multiimage">
				<description>Custom Background</description>
				<include>BackgroundSize</include>
				<include condition="Skin.String(CustomVideosBGType,2) | Skin.String(CustomVideosBGType,3)">VideosCustomBGPath</include>
				<include condition="Skin.String(CustomVideosBGType,4) + System.HasAddon(script.grab.fanart)">VideosFanartBGPath</include>
				<aspectratio>scale</aspectratio>
				<timeperimage>10000</timeperimage>
				<fadetime>BackgroundCrossfadeTime</fadetime>
				<randomize>true</randomize>
				<include condition="Skin.HasSetting(AnimateBackground)">CustomBackgroundAnim</include>
			</control>

			<include condition="Skin.String(CustomVideosBGType,2) | Skin.String(CustomVideosBGType,3)">VideosBackgroundDim</include>
			<include condition="Skin.String(CustomVideosBGType,4)">FanartDim</include>
		</control>
	</include>

	<include name="BackgroundMovies">		
		<control type="group">
			<include condition="![Skin.HasSetting(DisableMusicPlayingBG) | Skin.HasSetting(DisableVideoPlayingBG) | [System.HasAddon(script.tvtunes) + IsEmpty(Window(Videos).Property(TvTunesIsAlive))]]">IsMediaPlayingCondition</include>
			<visible>Container.Content(Movies) | Container.Content(Sets) | Window.IsActive(script-videoextras-main.xml)</visible>

			<control type="multiimage">
				<description>Custom Background</description>
				<include>BackgroundSize</include>
				<include condition="Skin.String(CustomMoviesBGType,2) | Skin.String(CustomMoviesBGType,3)">MoviesCustomBGPath</include>
				<include condition="Skin.String(CustomMoviesBGType,4) + System.HasAddon(script.grab.fanart)">MoviesFanartBGPath</include>
				<aspectratio>scale</aspectratio>
				<timeperimage>10000</timeperimage>
				<fadetime>BackgroundCrossfadeTime</fadetime>
				<randomize>true</randomize>
				<include condition="Skin.HasSetting(AnimateBackground)">CustomBackgroundAnim</include>
			</control>

			<include condition="Skin.String(CustomMoviesBGType,2) | Skin.String(CustomMoviesBGType,3)">MoviesBackgroundDim</include>
			<include condition="Skin.String(CustomMoviesBGType,4)">FanartDim</include>
		</control>
	</include>	

	<include name="BackgroundTVShows">		
		<control type="group">
			<include condition="![Skin.HasSetting(DisableMusicPlayingBG) | Skin.HasSetting(DisableVideoPlayingBG) | [System.HasAddon(script.tvtunes) + IsEmpty(Window(Videos).Property(TvTunesIsAlive))]]">IsMediaPlayingCondition</include>
			<visible>Container.Content(TVShows) | Container.Content(Episodes) | Window.IsActive(script-videoextras-main.xml)</visible>

			<control type="multiimage">
				<description>Custom Background</description>
				<include>BackgroundSize</include>
				<include condition="Skin.String(CustomTVShowsBGType,2) | Skin.String(CustomTVShowsBGType,3)">TVShowsCustomBGPath</include>
				<include condition="Skin.String(CustomTVShowsBGType,4) + System.HasAddon(script.grab.fanart)">TVShowsFanartBGPath</include>
				<aspectratio>scale</aspectratio>
				<timeperimage>10000</timeperimage>
				<fadetime>BackgroundCrossfadeTime</fadetime>
				<randomize>true</randomize>
				<include condition="Skin.HasSetting(AnimateBackground)">CustomBackgroundAnim</include>
			</control>

			<include condition="Skin.String(CustomTVShowsBGType,2) | Skin.String(CustomTVShowsBGType,3)">TVShowsBackgroundDim</include>
			<include condition="Skin.String(CustomTVShowsBGType,4)">FanartDim</include>
		</control>
	</include>

	<include name="BackgroundPrograms">	
		<control type="group">
			<include condition="![Skin.HasSetting(DisableMusicPlayingBG) | Skin.HasSetting(DisableVideoPlayingBG)]">IsMediaPlayingCondition</include>

			<control type="multiimage">
				<description>Custom Background</description>
				<include>BackgroundSize</include>
				<imagepath>$INFO[Skin.String(CustomProgramsBGPath)]</imagepath>
				<aspectratio>scale</aspectratio>
				<timeperimage>10000</timeperimage>
				<fadetime>BackgroundCrossfadeTime</fadetime>
				<randomize>true</randomize>
				<include condition="Skin.HasSetting(AnimateBackground)">CustomBackgroundAnim</include>
			</control>

			<include>ProgramsBackgroundDim</include>
		</control>
	</include>

	<include name="BackgroundPictures">		
		<control type="group">
			<include condition="![Skin.HasSetting(DisableMusicPlayingBG) | Skin.HasSetting(DisableVideoPlayingBG)]">IsMediaPlayingCondition</include>

			<control type="multiimage">
				<description>Custom Background</description>
				<include>BackgroundSize</include>
				<imagepath>$INFO[Skin.String(CustomPicturesBGPath)]</imagepath>
				<aspectratio>scale</aspectratio>
				<timeperimage>10000</timeperimage>
				<fadetime>BackgroundCrossfadeTime</fadetime>
				<randomize>true</randomize>
				<include condition="Skin.HasSetting(AnimateBackground)">CustomBackgroundAnim</include>
			</control>

			<include>PicturesBackgroundDim</include>
		</control>
	</include>

	<include name="BackgroundSystem">	
		<control type="group">
			<control type="multiimage">
				<description>Custom Background</description>
				<include>BackgroundSize</include>
				<imagepath>$INFO[Skin.String(CustomSystemBGPath)]</imagepath>
				<aspectratio>scale</aspectratio>
				<timeperimage>10000</timeperimage>
				<fadetime>BackgroundCrossfadeTime</fadetime>
				<randomize>true</randomize>
				<include condition="Skin.HasSetting(AnimateBackground)">CustomBackgroundAnim</include>
			</control>

			<include>SystemBackgroundDim</include>
		</control>
	</include>
	
	<include name="BackgroundPVR">		
		<control type="group">
			<include condition="![Skin.HasSetting(DisableMusicPlayingBG) | Skin.HasSetting(DisableVideoPlayingBG)]">IsMediaPlayingCondition</include>

			<control type="multiimage">
				<description>Custom Background</description>
				<include>BackgroundSize</include>
				<imagepath>$INFO[Skin.String(CustomPVRBGPath)]</imagepath>
				<aspectratio>scale</aspectratio>
				<timeperimage>10000</timeperimage>
				<fadetime>BackgroundCrossfadeTime</fadetime>
				<randomize>true</randomize>
				<include condition="Skin.HasSetting(AnimateBackground)">CustomBackgroundAnim</include>
			</control>

			<include>PVRBackgroundDim</include>
		</control>
	</include>

	<include name="BackgroundMusicPlaying">
		<control type="group">
			<visible>Player.HasAudio</visible>
			<include condition="System.HasAddon(script.tvtunes)">TVTunesDisableVizCond</include>
			<include>BackgroundVisibleAnim</include>
			
			<include condition="[[Skin.HasSetting(UseFanartForMusicPlayingBG) | Skin.HasSetting(UseVisualizationAndFanartForMusicPlayingBG)] + !Skin.HasSetting(EnableArtistFanartSlideshow)]
			| [[Skin.HasSetting(UseFanartForMusicPlayingBG) | Skin.HasSetting(UseVisualizationAndFanartForMusicPlayingBG)] + !System.HasAddon(script.artistslideshow)]">MusicPlayingArtistFanart</include>
			<include condition="System.HasAddon(script.artistslideshow) + [Skin.HasSetting(UseFanartForMusicPlayingBG) | Skin.HasSetting(UseVisualizationAndFanartForMusicPlayingBG)] + Skin.HasSetting(EnableArtistFanartSlideshow)">MusicPlayingArtistFanartSlideshow</include>
			<include condition="![Skin.HasSetting(UseFanartForMusicPlayingBG) | Skin.HasSetting(UseVisualizationAndFanartForMusicPlayingBG)] + !Window.IsActive(Home)">MediaPlayingVizDim</include>
			<include condition="[Skin.HasSetting(UseFanartForMusicPlayingBG) | Skin.HasSetting(UseVisualizationAndFanartForMusicPlayingBG)] + !Window.IsActive(Home)">MediaPlayingFanartDim</include>
			
			<control type="visualisation">
				<description>Visualization</description>
				<include>BackgroundSize</include>
				<visible>!Skin.HasSetting(UseFanartForMusicPlayingBG) | Skin.HasSetting(UseVisualizationAndFanartForMusicPlayingBG)</visible>
			</control>
		</control>
	</include>

	<include name="BackgroundVideoPlaying">
		<control type="group">
			<visible>Player.HasVideo</visible>
			<include>BackgroundVisibleAnim</include>

			<control type="videowindow">
				<description>Video</description>
				<include>BackgroundSize</include>
			</control>

			<include condition="!Window.IsActive(Home)">MediaPlayingVizDim</include>
		</control>
	</include>

	<include name="BackgroundVideoFanart">
		<control type="group">
			<include condition="![Skin.HasSetting(DisableMusicPlayingBG) | Skin.HasSetting(DisableVideoPlayingBG) | [Player.HasAudio + Window.IsActive(MovieInformation)] | [System.HasAddon(script.tvtunes) + IsEmpty(Window(Videos).Property(TvTunesIsAlive))]]">IsMediaPlayingCondition</include>

			<control type="group">
				<visible>Container.Content(Movies) | Container.Content(Sets)</visible>
				<visible>Window.IsActive(MovieInformation) | Window.IsActive(script-videoextras-main.xml)
				| [Control.IsVisible(50) + Skin.HasSetting(ShowMoviesIconFanart)]
				| [Control.IsVisible(54) + Skin.HasSetting(ShowMoviesThumbnailFanart)]
				| [Control.IsVisible(52) + !Skin.HasSetting(HideMoviesListFanart)] 
				| [Control.IsVisible(53) + !Skin.HasSetting(HideMoviesWrapListInfoFanart)] 
				| [Control.IsVisible(58) + !Skin.HasSetting(HideMoviesListInfoFanart)]
				| [Control.IsVisible(66) + !Skin.HasSetting(HideMoviesListInfo2Fanart)]
				| [Control.IsVisible(95) + !Skin.HasSetting(HideMoviesListInfo3Fanart)]
				| [Control.IsVisible(97) + !Skin.HasSetting(HideMoviesThumbsInfoFanart)]
				| [Control.IsVisible(75) + !Skin.HasSetting(HideMoviesWideListFanart)]
				| [Control.IsVisible(588) + !Skin.HasSetting(HideMovies3DWrapFanart)]
				| Control.IsVisible(59)</visible>
				<include>BackgroundVisibleAnim</include>
				<include condition="!Skin.HasSetting(EnableMoviesExtraFanart)">FanartImage</include>
				<include condition="Skin.HasSetting(EnableMoviesExtraFanart)">ExtraFanartImage</include>
				<include>FanartDim</include>
			</control>
			
			<control type="group">
				<visible>Container.Content(MusicVideos)</visible>
				<visible>Window.IsActive(MovieInformation) | Window.IsActive(script-videoextras-main.xml)
				| [Control.IsVisible(50) + Skin.HasSetting(ShowMusicVideosIconFanart)]
				| [Control.IsVisible(587) + !Skin.HasSetting(HideMusicVideosListInfo2Fanart)]
				| [Control.IsVisible(52) + !Skin.HasSetting(HideMusicVideosListFanart)]</visible>
				<include>BackgroundVisibleAnim</include>
				<include>FanartImage</include>
				<include>FanartDim</include>
			</control>

			<control type="group">
				<visible>Window.IsActive(MovieInformation) | Window.IsActive(script-videoextras-main.xml)
				| [Control.IsVisible(50) + Skin.HasSetting(ShowTVShowsIconFanart)]
				| [Control.IsVisible(54) + Skin.HasSetting(ShowTVShowsThumbnailFanart)]
				| [Control.IsVisible(56) + !Skin.HasSetting(HideTVShowsWideIconFanart)] 
				| [Control.IsVisible(52) + !Skin.HasSetting(HideTVShowsListFanart)] 
				| [Control.IsVisible(76) + !Skin.HasSetting(HideTVShowsWideListFanart)]
				| [Control.IsVisible(61) + !Skin.HasSetting(HideTVShowsListInfoFanart)]
				| [Control.IsVisible(65) + !Skin.HasSetting(HideTVShowsListInfo2Fanart)]
				| [Control.IsVisible(100) + !Skin.HasSetting(HideTVShowsThumbsInfoFanart)]
				| [Control.IsVisible(73) + !Skin.HasSetting(HideEpisodesListInfoFanart)]
				| [Control.IsVisible(68) + !Skin.HasSetting(HideEpisodesListInfo2Fanart)]
				| [Control.IsVisible(94) + !Skin.HasSetting(HideEpisodesListInfo3Fanart)]
				| [Control.IsVisible(588) + !Skin.HasSetting(HideTVShows3DWrapFanart)]
				| [Control.IsVisible(74) + !Skin.HasSetting(HideEpisodesWideListFanart)]
				| [Control.IsVisible(589) + !Skin.HasSetting(HideTVShowsListInfo3Fanart)]</visible>
				<control type="group">
					<visible>Container.Content(TVShows) | Window.IsActive(script-videoextras-main.xml)</visible>
					<include>BackgroundVisibleAnim</include>
					<include condition="!Skin.HasSetting(EnableTVShowsExtraFanart)">FanartImage</include>
					<include condition="Skin.HasSetting(EnableTVShowsExtraFanart)">ExtraFanartImage</include>
					<include condition="Skin.HasSetting(EnableTVShowsExtraFanart)">ExtraFanartImage2</include>
					<include condition="Skin.HasSetting(EnableTVShowsExtraFanart)">ExtraFanartImage3</include>
					<include>FanartDim</include>		
				</control>
				<control type="group">
					<visible>Container.Content(Episodes) | Container.Content(Seasons) | Window.IsActive(script-videoextras-main.xml)</visible>
					<include>BackgroundVisibleAnim</include>
					<include condition="!Skin.HasSetting(EnableTVShowsExtraFanart)">FanartImage</include>
					<include condition="!Skin.HasSetting(EnableTVShowsExtraFanart)">ParentFanartImage</include>
					<include condition="Skin.HasSetting(EnableTVShowsExtraFanart)">ExtraFanartImage</include>
					<include condition="Skin.HasSetting(EnableTVShowsExtraFanart)">ExtraFanartImage2</include>
					<include condition="Skin.HasSetting(EnableTVShowsExtraFanart)">ExtraFanartImage3</include>
					<include>FanartDim</include>		
				</control>
			</control>
		</control>
	</include>

	<include name="BackgroundMusicFanart">
		<control type="group">
			<include condition="![Skin.HasSetting(DisableMusicPlayingBG) | Skin.HasSetting(DisableVideoPlayingBG)]">IsMediaPlayingCondition</include>
			<visible>Container.Content(Albums) | Container.Content(Songs) | Container.Content(Artists)</visible>
			<visible>Window.IsActive(MusicInformation)
			| [Control.IsVisible(50) + Skin.HasSetting(ShowMusicIconFanart)]
			| [Control.IsVisible(63) + Skin.HasSetting(ShowMusicThumbnailFanart)]
			| [Control.IsVisible(52) + !Skin.HasSetting(HideMusicListFanart)] 
			| [Control.IsVisible(62) + !Skin.HasSetting(HideMusicListInfoFanart)]
			| [[Control.IsVisible(67) | Control.IsVisible(72)] + !Skin.HasSetting(HideMusicListInfo2Fanart)]
			| [Control.IsVisible(96) + !Skin.HasSetting(HideMusicListInfo3Fanart)]
			| [Control.IsVisible(64) + !Skin.HasSetting(HideMusicWrapListInfoFanart)]
			| [Control.IsVisible(77) + !Skin.HasSetting(HideMusicWideListFanart)]
			| [Control.IsVisible(599) + !Skin.HasSetting(HideMusicThumbsInfoFanart)]</visible>
			<include>BackgroundVisibleAnim</include>
			<include>FanartImage</include>
			<include>FanartDim</include>
		</control>
	</include>

	<include name="BackgroundAddonsFanart">
		<control type="group">
			<include condition="![Skin.HasSetting(DisableMusicPlayingBG) | Skin.HasSetting(DisableVideoPlayingBG)]">IsMediaPlayingCondition</include>
			<visible>Container.Content(Addons)</visible>
			<visible>Window.IsActive(AddonInformation)
			| [Control.IsVisible(50) + Skin.HasSetting(ShowAddonsIconFanart)]
			| [Control.IsVisible(63) + Skin.HasSetting(ShowAddonsThumbnailFanart)]
			| [Control.IsVisible(52) + !Skin.HasSetting(HideAddonsListFanart)] 
			| [Control.IsVisible(90) + !Skin.HasSetting(HideAddonsWideListFanart)]
			| [Control.IsVisible(91) + !Skin.HasSetting(HideAddonsListInfoFanart)]
			| [Control.IsVisible(93) + !Skin.HasSetting(HideAddonsWrapListInfoFanart)]
			</visible> 
			<include>BackgroundVisibleAnim</include>
			<include>FanartImage</include>
			<include>FanartDim</include>
		</control>
	</include>

	<include name="BackgroundProgramsFanart">
		<control type="group">
			<include condition="![Skin.HasSetting(DisableMusicPlayingBG) | Skin.HasSetting(DisableVideoPlayingBG)]">IsMediaPlayingCondition</include>
			<visible>Substring(Container.FolderPath,plugin://plugin.program)</visible>
			<visible>Window.IsActive(1122)
			| [Control.IsVisible(590) + !Skin.HasSetting(HideProgramsListInfoFanart)]
			| [Control.IsVisible(591) + !Skin.HasSetting(HideProgramsListInfo2Fanart)]
			| [Control.IsVisible(592) + !Skin.HasSetting(HideProgramsListInfo3Fanart)]
			| [Control.IsVisible(593) + !Skin.HasSetting(HideProgramsThumbsInfoFanart)]
			| [Control.IsVisible(594) + !Skin.HasSetting(HideProgramsThumbsInfo2Fanart)]
			| [Control.IsVisible(595) + !Skin.HasSetting(HideProgramsThumbsInfo3Fanart)]
			| [Control.IsVisible(596) + !Skin.HasSetting(HideProgramsWrapListInfoFanart)]
			| [Control.IsVisible(597) + !Skin.HasSetting(HideProgramsWrapListInfo2Fanart)]
			| [Control.IsVisible(598) + !Skin.HasSetting(HideProgramsWrapListInfo3Fanart)]</visible>			
			<include>BackgroundVisibleAnim</include>
			<include>FanartImage</include>
			<include>FanartDim</include>
		</control>
	</include>
	
	<include name="BackgroundGlobalSearch">	
		<control type="group">
			<control type="image">
				<description>Fanart Background</description>
				<include>BackgroundSize</include>
				<texture background="true">$VAR[GlobalSearchFanart]</texture>
				<aspectratio>scale</aspectratio>
				<fadetime>BackgroundCrossfadeTime</fadetime>
			</control>

			<control type="image">
				<include>BackgroundDim</include>
				<animation effect="fade" end="80" reversible="false" condition="true">Conditional</animation>
			</control>
		</control>
	</include>

	<include name="FanartImage">
		<control type="image">
			<include>BackgroundSize</include>
			<texture background="true">$INFO[ListItem.Art(fanart)]</texture>
			<aspectratio>scale</aspectratio>
			<fadetime>FanartCrossfadeTime</fadetime>
			<include condition="Skin.HasSetting(AnimateFanart)">FanartBackgroundAnim</include>
		</control>	
	</include>

	<include name="ParentFanartImage">
		<control type="image">
			<include>BackgroundSize</include>
			<texture background="true">$INFO[Fanart.Image]</texture>
			<aspectratio>scale</aspectratio>
			<fadetime>FanartCrossfadeTime</fadetime>
			<include condition="Skin.HasSetting(AnimateFanart)">FanartBackgroundAnim</include>
		</control>
	</include>

	<include name="ExtraFanartImage">
		<control type="multiimage">
			<include>BackgroundSize</include>
			<imagepath background="true">$INFO[ListItem.Path]extrafanart</imagepath>
			<aspectratio>scale</aspectratio>
			<timeperimage>10000</timeperimage>
			<fadetime>FanartCrossfadeTime</fadetime>
			<randomize>true</randomize>
			<include condition="Skin.HasSetting(AnimateFanart)">FanartBackgroundAnim</include>
		</control>
	</include>

	<include name="ExtraFanartImage2">
		<control type="multiimage">
			<include>BackgroundSize</include>
			<imagepath background="true">$INFO[ListItem.Path]../extrafanart</imagepath>
			<aspectratio>scale</aspectratio>
			<timeperimage>10000</timeperimage>
			<fadetime>FanartCrossfadeTime</fadetime>
			<randomize>true</randomize>
			<include condition="Skin.HasSetting(AnimateFanart)">FanartBackgroundAnim</include>
		</control>
	</include>

	<include name="ExtraFanartImage3">
		<control type="multiimage">
			<include>BackgroundSize</include>
			<imagepath background="true">$INFO[ListItem.Path]../../extrafanart</imagepath>
			<aspectratio>scale</aspectratio>
			<timeperimage>10000</timeperimage>
			<fadetime>FanartCrossfadeTime</fadetime>
			<randomize>true</randomize>
			<include condition="Skin.HasSetting(AnimateFanart)">FanartBackgroundAnim</include>
		</control>
	</include>

	<include name="BackgroundDim">
		<include>BackgroundSize</include>
		<texture>views/fanart-dim.png</texture>
	</include>

	<include name="MediaPlayingVizDim">
		<control type="image">
			<include>BackgroundDim</include>
		</control>
	</include>

	<include name="MediaPlayingFanartDim">
		<control type="image">
			<include>BackgroundDim</include>
			<visible>!IsEmpty(Player.Art(fanart))</visible>
			<animation effect="fade" end="70" reversible="false" condition="Skin.HasSetting(FanartBackgroundBrightnessHigh)">Conditional</animation>
		</control>
	</include>

	<include name="FanartDim">
		<control type="image">
			<include>BackgroundDim</include>
			<visible>!IsEmpty(ListItem.Art(fanart))
			| [[Container.Content(Episodes) | Container.Content(Seasons)] + !Skin.HasSetting(EnableTVShowsExtraFanart)]</visible>
			<animation effect="fade" end="70" reversible="false" condition="Skin.HasSetting(FanartBackgroundBrightnessHigh)">Conditional</animation>
		</control>
	</include>

	<include name="MusicBackgroundDim">
		<control type="image">
			<include>BackgroundDim</include>
			<animation effect="fade" end="70" reversible="false" condition="Skin.HasSetting(MusicBackgroundBrightnessHigh)">Conditional</animation>
		</control>
	</include>

	<include name="VideosBackgroundDim">
		<control type="image">
			<include>BackgroundDim</include>
			<animation effect="fade" end="70" reversible="false" condition="Skin.HasSetting(VideosBackgroundBrightnessHigh)">Conditional</animation>
		</control>
	</include>

	<include name="MoviesBackgroundDim">
		<control type="image">
			<include>BackgroundDim</include>
			<animation effect="fade" end="70" reversible="false" condition="Skin.HasSetting(MoviesBackgroundBrightnessHigh)">Conditional</animation>
		</control>
	</include>

	<include name="TVShowsBackgroundDim">
		<control type="image">
			<include>BackgroundDim</include>
			<animation effect="fade" end="70" reversible="false" condition="Skin.HasSetting(TVShowsBackgroundBrightnessHigh)">Conditional</animation>
		</control>
	</include>

	<include name="ProgramsBackgroundDim">
		<control type="image">
			<include>BackgroundDim</include>
			<animation effect="fade" end="70" reversible="false" condition="Skin.HasSetting(ProgramsBackgroundBrightnessHigh)">Conditional</animation>
		</control>
	</include>

	<include name="PicturesBackgroundDim">
		<control type="image">
			<include>BackgroundDim</include>
			<animation effect="fade" end="70" reversible="false" condition="Skin.HasSetting(PicturesBackgroundBrightnessHigh)">Conditional</animation>
		</control>
	</include>
	
	<include name="SystemBackgroundDim">
		<control type="image">
			<include>BackgroundDim</include>
			<animation effect="fade" end="70" reversible="false" condition="Skin.HasSetting(SystemBackgroundBrightnessHigh)">Conditional</animation>
		</control>
	</include>
	
	<include name="WeatherBackgroundDim">
		<control type="image">
			<include>BackgroundDim</include>
			<animation effect="fade" end="70" reversible="false" condition="Skin.HasSetting(WeatherBackgroundBrightnessHigh)">Conditional</animation>
		</control>
	</include>

	<include name="PVRBackgroundDim">
		<control type="image">
			<include>BackgroundDim</include>
			<animation effect="fade" end="70" reversible="false" condition="Skin.HasSetting(PVRBackgroundBrightnessHigh)">Conditional</animation>
		</control>
	</include>

	<include name="MusicCustomBGPath">
		<imagepath>$INFO[Skin.String(CustomMusicBGPath)]</imagepath>
	</include>
	
	<include name="MusicFanartBGPath">
		<imagepath background="true">$INFO[Window(Home).Property(script.grab.fanart.Music.FanArt)]</imagepath>
	</include>

	<include name="VideosCustomBGPath">
		<imagepath>$INFO[Skin.String(CustomVideosBGPath)]</imagepath>
	</include>
	
	<include name="VideosFanartBGPath">
		<imagepath background="true">$INFO[Window(Home).Property(script.grab.fanart.Video.FanArt)]</imagepath>
	</include>

	<include name="MoviesCustomBGPath">
		<imagepath>$INFO[Skin.String(CustomMoviesBGPath)]</imagepath>
	</include>
	
	<include name="MoviesFanartBGPath">
		<imagepath background="true">$INFO[Window(Home).Property(script.grab.fanart.Movie.FanArt)]</imagepath>
	</include>

	<include name="TVShowsCustomBGPath">
		<imagepath>$INFO[Skin.String(CustomTVShowsBGPath)]</imagepath>
	</include>
	
	<include name="TVShowsFanartBGPath">
		<imagepath background="true">$INFO[Window(Home).Property(script.grab.fanart.TV.FanArt)]</imagepath>
	</include>
	
	<include name="WeatherCustomBGPath">
		<imagepath>$INFO[Skin.String(CustomWeatherBGPath)]</imagepath>
	</include>

	<include name="WeatherConditionBGPath">
		<imagepath background="true">$INFO[Skin.String(CustomWeatherBGPath)]$INFO[Window(Weather).Property(Current.FanartCode)]</imagepath>
	</include>

	<include name="TVTunesDisableVizCond">
		<visible>IsEmpty(Window(Videos).Property(TvTunesIsAlive))</visible>
	</include>

	<include name="IsMediaPlayingCondition">
		<visible>!Player.HasMedia</visible>
	</include>
	
	<include name="MusicPlayingArtistFanart">
		<control type="image">
			<include>ScreenSize</include>
			<texture>$INFO[Player.Art(fanart)]</texture>
			<aspectratio>scale</aspectratio>
			<include condition="Skin.HasSetting(AnimateFanartMusicPlayingBG)">FanartBackgroundAnim</include>
		</control>
	</include>
	
	<include name="MusicPlayingArtistFanartSlideshow">
		<control type="multiimage">
			<include>BackgroundSize</include>
			<imagepath>$INFO[Window(Visualisation).Property(ArtistSlideshow)]</imagepath>
			<aspectratio>scale</aspectratio>
			<timeperimage>10000</timeperimage>
			<fadetime>BackgroundCrossfadeTime</fadetime>
			<randomize>true</randomize>
			<visible>IsEmpty(Window(Visualisation).Property(ArtistSlideshowRefresh))</visible>
			<animation effect="fade" start="0" end="100" time="300">VisibleChange</animation>
			<include condition="Skin.HasSetting(AnimateFanartMusicPlayingBG)">FanartBackgroundAnim</include>
		</control>
	</include>
</includes>