<?xml version="1.0" encoding="UTF-8"?>
<includes>
	<include name="DialogBtn">	
		<width>120</width>	
		<textwidth>110</textwidth>
	</include>

	<include name="DialogTitle">
		<left>DialogHeadingOffsetX</left>
		<top>DialogHeadingOffsetY</top>
		<width>590</width>
		<font>DialogTitleFont</font>
		<textcolor>DialogTitleColor</textcolor>
		<shadowcolor>ShadowColor</shadowcolor>
		<align>center</align>
		<scroll>true</scroll>
	</include>

	<include name="DialogTitle2">
		<left>DialogHeadingOffsetX</left>
		<top>DialogHeadingOffsetY</top>
		<width>410</width>
		<font>DialogTitleFont</font>
		<textcolor>DialogTitleColor</textcolor>
		<shadowcolor>ShadowColor</shadowcolor>
		<align>center</align>
		<scroll>true</scroll>
	</include>

	<include name="DialogTitle3">
		<left>DialogHeadingOffsetX</left>
		<top>DialogHeadingOffsetY</top>
		<width>762</width>
		<font>DialogTitleFont</font>
		<textcolor>DialogTitleColor</textcolor>
		<shadowcolor>ShadowColor</shadowcolor>
		<align>center</align>
		<scroll>true</scroll>
	</include>

	<include name="SettingsDialogTitle">
		<left>DialogHeadingOffsetX</left>
		<top>DialogHeadingOffsetY</top>
		<width>400</width>
		<font>DialogTitleFont</font>
		<textcolor>DialogTitleColor</textcolor>
		<shadowcolor>ShadowColor</shadowcolor>
		<align>center</align>
		<scroll>true</scroll>
	</include>

	<include name="DialogHeadLabel">
		<font>DialogHeadFont</font>
		<textcolor>DefaultColor2</textcolor>
		<shadowcolor>ShadowColor</shadowcolor>
		<focusedcolor>ButtonFocusColor</focusedcolor>
		<selectedcolor>SelectedColor2</selectedcolor>
		<disabledcolor>DefaultColor2</disabledcolor>
		<enable>false</enable>
		<align>left</align>
	</include>

	<include name="DialogContentLabel">
		<font>ButtonFont2</font>
		<textcolor>ButtonColor</textcolor>
		<shadowcolor>ShadowColor</shadowcolor>
		<focusedcolor>ButtonFocusColor</focusedcolor>
		<selectedcolor>SelectedColor2</selectedcolor>
		<disabledcolor>DisabledColor</disabledcolor>
		<aligny>center</aligny>
		<align>left</align>
	</include>

	<include name="DialogMenuBarBtn">
		<width>170</width>
		<height>44</height>
		<shadowcolor>ShadowColor</shadowcolor>
		<textwidth>160</textwidth>
		<texturefocus border="4">gui/menu-bar-button-focus.png</texturefocus>
		<texturenofocus>-</texturenofocus>		
	</include>

	<include name="DialogMenuBarSmallBtn">	
		<width>150</width>
		<height>44</height>
		<shadowcolor>ShadowColor</shadowcolor>
		<textwidth>140</textwidth>
		<texturefocus border="4">gui/menu-bar-button-focus.png</texturefocus>
		<texturenofocus>-</texturenofocus>		
	</include>

	<include name="DialogMenuBarSmallerBtn">	
		<width>130</width>
		<height>44</height>
		<shadowcolor>ShadowColor</shadowcolor>
		<textwidth>120</textwidth>
		<texturefocus border="4">gui/menu-bar-button-focus.png</texturefocus>
		<texturenofocus>-</texturenofocus>		
	</include>

	<include name="DialogMenuBarSmallestBtn">	
		<width>120</width>
		<height>44</height>
		<shadowcolor>ShadowColor</shadowcolor>
		<textwidth>110</textwidth>
		<texturefocus border="4">gui/menu-bar-button-focus.png</texturefocus>
		<texturenofocus>-</texturenofocus>		
	</include>

	<include name="DialogCloseBtn">
		<top>8</top>
		<width>34</width>
		<height>16</height>
		<texturenofocus>controls/dialog-close-nofocus.png</texturenofocus>
		<texturefocus>controls/dialog-close-focus.png</texturefocus>
		<onclick>PreviousMenu</onclick>
		<visible>!Skin.HasSetting(HideDialogCloseBtns) + System.GetBool(input.enablemouse)</visible>
		<pulseonselect>false</pulseonselect>
		<aspectratio>stretch</aspectratio>
	</include>

	<include name="KeyboardDialogBox">	
		<control type="image">
			<width>768</width>
			<height>441</height>
			<texture border="50">panels/dialog-background3.png</texture>
		</control>

		<control type="button">
			<left>708</left>
			<include>DialogCloseBtn</include>
		</control>
	</include>

	<include name="ContentSettingsDialogBox">	
		<control type="image">
			<width>670</width>
			<height>487</height>
			<texture border="50,70,50,75">panels/dialog-background.png</texture>
		</control>

		<control type="button">
			<left>610</left>
			<include>DialogCloseBtn</include>
		</control>
	</include>

	<include name="AddonSettingsDialogBox">
		<control type="image">
			<width>842</width>
			<height>483</height>
			<texture border="50,70,50,75">panels/dialog-background.png</texture>
		</control>

		<control type="button">
			<left>782</left>
			<include>DialogCloseBtn</include>
		</control>
	</include>

	<include name="ProfileSettingsDialogBox">	
		<control type="image">
			<width>670</width>
			<height>465</height>
			<texture border="50,70,50,75">panels/dialog-background.png</texture>
		</control>

		<control type="button">
			<left>610</left>
			<include>DialogCloseBtn</include>
		</control>
	</include>

	<include name="LockSettingsDialogBox">	
		<control type="image">
			<width>670</width>
			<height>400</height>
			<texture border="50,70,50,75">panels/dialog-background.png</texture>
		</control>

		<control type="button">
			<left>610</left>
			<include>DialogCloseBtn</include>
		</control>
	</include>

	<include name="FileBrowserDialogBox">	
		<control type="image">
			<width>984</width>
			<height>460</height>
			<texture border="50,70,50,75">panels/dialog-background.png</texture>
		</control>

		<control type="button">
			<left>924</left>
			<include>DialogCloseBtn</include>
		</control>
	</include>

	<include name="FavouritesDialogBox">	
		<control type="image">
			<width>670</width>
			<height>440</height>
			<texture border="50,70,50,75">panels/dialog-background.png</texture>
		</control>

		<control type="button">
			<left>610</left>
			<include>DialogCloseBtn</include>
		</control>
	</include>

	<include name="MediaSourceDialogBox">	
		<control type="image">
			<width>670</width>
			<height>325</height>
			<texture border="50,70,50,75">panels/dialog-background.png</texture>
		</control>

		<control type="button">
			<left>610</left>
			<include>DialogCloseBtn</include>
		</control>
	</include>

	<include name="SettingsDialogBox">
		<control type="image">
			<width>480</width>
			<height>520</height>
			<texture border="50,70,50,75">panels/dialog-background.png</texture>
		</control>

		<control type="button">
			<left>420</left>
			<include>DialogCloseBtn</include>
		</control>
	</include>

	<include name="SubtitlesDialogBox">
		<control type="image">
			<width>1050</width>
			<height>511</height>
			<texture border="50,70,50,75">panels/dialog-background.png</texture>
		</control>

		<control type="button">
			<left>990</left>
			<include>DialogCloseBtn</include>
		</control>
	</include>
	
	<include name="NumericDialogBox">
		<control type="image">
			<width>268</width>
			<height>323</height>
			<texture border="50">panels/dialog-background4.png</texture>
		</control>

		<control type="button">
			<left>208</left>
			<include>DialogCloseBtn</include>
		</control>
	</include>

	<include name="ProgressDialogBox">
		<control type="image">
			<width>490</width>
			<height>217</height>
			<texture border="50,70,50,75">panels/dialog-background.png</texture>
		</control>
	</include>

	<include name="KaraokeSongSelectorDialogBox">
		<control type="image">
			<width>490</width>
			<height>179</height>
			<texture border="50,70,50,50">panels/dialog-background3.png</texture>
		</control>

		<control type="button">
			<left>430</left>
			<include>DialogCloseBtn</include>
		</control>
	</include>

	<include name="FileStackingDialogBox">
		<control type="image">
			<width>490</width>
			<height>217</height>
			<texture border="50,70,50,50">panels/dialog-background3.png</texture>
		</control>

		<control type="button">
			<left>430</left>
			<include>DialogCloseBtn</include>
		</control>
	</include>

	<include name="GamepadDialogBox">
		<control type="image">
			<width>490</width>
			<height>191</height>
			<texture border="50,70,50,50">panels/dialog-background3.png</texture>
		</control>
	</include>

	<include name="KaiToastDialogBox">
		<control type="image">
			<width>490</width>
			<height>168</height>
			<texture border="50">panels/dialog-background4.png</texture>
		</control>
	</include>

	<include name="SongInfoDialogBox">
		<control type="image">
			<width>840</width>
			<height>350</height>
			<texture border="50,50,50,75">panels/dialog-background2.png</texture>
		</control>

		<control type="button">
			<left>659</left>
			<include>DialogCloseBtn</include>
		</control>
	</include>
	
	<include name="PictureInfoDialogBox">
		<control type="image">
			<width>719</width>
			<height>350</height>
			<texture border="50,50,50,75">panels/dialog-background2.png</texture>
		</control>

		<control type="button">
			<left>659</left>
			<include>DialogCloseBtn</include>
		</control>
	</include>
	
	<include name="PlayerControlsDialogBox">
		<control type="image">
			<width>655</width>
			<height>317</height>
			<texture border="50">panels/dialog-background4.png</texture>
		</control>

		<control type="button">
			<left>595</left>
			<include>DialogCloseBtn</include>
		</control>
	</include>

	<include name="NetworkSetupDialogBox">	
		<control type="image">
			<width>670</width>
			<height>335</height>
			<texture border="50,70,50,75">panels/dialog-background.png</texture>
		</control>

		<control type="button">
			<left>610</left>
			<include>DialogCloseBtn</include>
		</control>
	</include>

	<include name="SmartPlaylistEditorDialogBox">	
		<control type="image">
			<width>670</width>
			<height>580</height>
			<texture border="50,70,50,75">panels/dialog-background.png</texture>
		</control>	

		<control type="button">
			<left>610</left>
			<include>DialogCloseBtn</include>
		</control>
	</include>

	<include name="SmartPlaylistRuleDialogBox">	
		<control type="image">
			<width>670</width>
			<height>210</height>
			<texture border="50,70,50,75">panels/dialog-background.png</texture>
		</control>

		<control type="button">
			<left>610</left>
			<include>DialogCloseBtn</include>
		</control>
	</include>

	<include name="TextViewerDialogBox">	
		<control type="image">
			<width>700</width>
			<height>511</height>
			<texture border="50,70,50,50">panels/dialog-background3.png</texture>
		</control>

		<control type="button">
			<left>640</left>
			<include>DialogCloseBtn</include>
		</control>	
	</include>

	<include name="SliderDialogBox">
		<control type="image">
			<width>228</width>
			<height>90</height>
			<texture border="8">panels/panel.png</texture>
			<aspectratio>stretch</aspectratio>
		</control>	
	</include>
	
	<include name="PresetsDialogBox">	
		<control type="image">
			<width>670</width>
			<height>440</height>
			<texture border="50,70,50,75">panels/dialog-background.png</texture>
		</control>

		<control type="button">
			<left>610</left>
			<include>DialogCloseBtn</include>
		</control>
	</include>

	<include name="PVRChannelManagerDialogBox">	
		<control type="image">
			<width>870</width>
			<height>474</height>
			<texture border="50,70,50,75">panels/dialog-background.png</texture>
		</control>
		
		<control type="button">
			<left>810</left>
			<include>DialogCloseBtn</include>
		</control>
	</include>

	<include name="PVRGroupManagerDialogBox">	
		<control type="image">
			<width>870</width>
			<height>474</height>
			<texture border="50,70,50,75">panels/dialog-background.png</texture>
		</control>
		
		<control type="button">
			<left>810</left>
			<include>DialogCloseBtn</include>
		</control>
	</include>

	<include name="PVRGuideSearchDialogBox">	
		<control type="image">
			<width>875</width>
			<height>530</height>
			<texture border="50,70,50,75">panels/dialog-background.png</texture>
		</control>
		
		<control type="button">
			<left>815</left>
			<include>DialogCloseBtn</include>
		</control>
	</include>

	<include name="PVRTimerSettingsDialogBox">	
		<control type="image">
			<width>670</width>
			<height>550</height>
			<texture border="50,70,50,75">panels/dialog-background.png</texture>
		</control>
		
		<control type="button">
			<left>610</left>
			<include>DialogCloseBtn</include>
		</control>
	</include>

	<include name="PVRGuideInfoDialogBox">	
		<control type="image">
			<width>670</width>
			<height>500</height>
			<texture border="50,70,50,75">panels/dialog-background.png</texture>
		</control>
		
		<control type="button">
			<left>610</left>
			<include>DialogCloseBtn</include>
		</control>
	</include>

	<include name="PVRRecordingInfoDialogBox">	
		<control type="image">
			<width>670</width>
			<height>500</height>
			<texture border="50,70,50,75">panels/dialog-background.png</texture>
		</control>
		
		<control type="button">
			<left>610</left>
			<include>DialogCloseBtn</include>
		</control>
	</include>

	<include name="PVRChannelsOSDDialogBox">
		<control type="image">
			<width>500</width>
			<height>558</height>
			<texture border="50,70,50,75">panels/dialog-background.png</texture>
		</control>

		<control type="button">
			<left>440</left>
			<include>DialogCloseBtn</include>
		</control>
	</include>

	<include name="PVRGuideOSDDialogBox">
		<control type="image">
			<width>500</width>
			<height>558</height>
			<texture border="50,70,50,75">panels/dialog-background.png</texture>
		</control>

		<control type="button">
			<left>440</left>
			<include>DialogCloseBtn</include>
		</control>
	</include>
	
	<include name="PseudotvChannelConfigDialogBox">
		<control type="image">
			<width>670</width>
			<height>487</height>
			<texture border="50,70,50,75">panels/dialog-background.png</texture>
		</control>

		<control type="button">
			<left>610</left>
			<include>DialogCloseBtn</include>
		</control>
	</include>
	
	<include name="PseudotvAdvancedConfigDialogBox">
		<control type="image">
			<width>670</width>
			<height>390</height>
			<texture border="50,70,50,75">panels/dialog-background.png</texture>
		</control>

		<control type="button">
			<left>610</left>
			<include>DialogCloseBtn</include>
		</control>
	</include>
	
	<include name="RSSEditorDialogBox">
		<control type="image">
			<width>670</width>
			<height>250</height>
			<texture border="50,70,50,75">panels/dialog-background.png</texture>
		</control>

		<control type="button">
			<left>610</left>
			<include>DialogCloseBtn</include>
		</control>
	</include>
</includes>