<?xml version="1.0" encoding="UTF-8"?>
<window id="500">
	<defaultcontrol always="true">500</defaultcontrol>
	<allowoverlay>yes</allowoverlay>
	<views>50,52,63,77</views>
	<onload>Skin.Reset(ShowMediaExtraOptions)</onload>
	<onload condition="System.HasAddon(script.artistslideshow) + [Skin.HasSetting(UseFanartForMusicPlayingBG) | Skin.HasSetting(UseVisualizationAndFanartForMusicPlayingBG)] + Skin.HasSetting(EnableArtistFanartSlideshow)">RunScript(script.artistslideshow)</onload>
	
	<controls>
		<control type="group">	
			<include>BackgroundDefault</include>
			<include condition="[[!IsEmpty(Skin.String(CustomMusicBGPath)) + [Skin.String(CustomMusicBGType,2) | Skin.String(CustomMusicBGType,3)]] 
			| Skin.String(CustomMusicBGType,4)] + Skin.HasSetting(ApplyAllMusicCustomBG)">BackgroundMusic</include>
			<include condition="!Skin.HasSetting(DisableVideoPlayingBG)">BackgroundVideoPlaying</include>
			<include condition="!Skin.HasSetting(DisableMusicPlayingBG)">BackgroundMusicPlaying</include>
			<include>BackgroundOpenCloseAnim</include>
		</control>

		<control type="group">   
			<visible>!Window.IsActive(MusicInformation) + !Window.IsActive(MovieInformation)</visible>
			<include>MediaInfoOpenCloseAnim</include>
			<include>IconView</include> <!-- 50 -->
			<include>ListView</include> <!-- 52 -->
			<include>AlbumThumbsView</include> <!-- 63 -->
			<include>MusicWideListView</include> <!-- 77 -->
		</control>	
		
		<include condition="!Skin.HasSetting(EnableKioskMode)">MediaMenuBar</include>
		
		<control type="group">
			<description>Top Bar Area</description>
			<visible>![System.IdleTime(3) + !Control.IsVisible(505) + Skin.HasSetting(HideTopBar) + !Control.HasFocus(555)]</visible>
			<include>TopBarImage</include>
			<include>TopBarOpenCloseAnim</include>
			<include>BreadCrumbMusicPlaylist</include>
			<include>Notifications</include>
		</control>
	</controls>	
</window>