<?xml version="1.0" encoding="UTF-8"?>
<window>
	<allowoverlay>no</allowoverlay>
	<coordinates>
		<system>1</system>
		<left>0</left>
		<top>0</top>
	</coordinates>

	<controls>
		<control type="group" id="102">
			<description>Video Info Panel</description>
			<left>28</left>
			<top>350</top>
			<visible>Window.IsActive(FullScreenVideo)</visible>
			<include>FSMediaInfoPanel</include>
			<include>FSMediaInfoOpenCloseAnim</include>

			<control type="group">			
				<left>18</left>
				<top>10</top>

				<control type="grouplist">
					<width>820</width>
					<height>60</height>
					<orientation>horizontal</orientation>
					<itemgap>10</itemgap>
					<usecontrolcoords>true</usecontrolcoords>
					<control type="label">
						<description>Title/Year</description>
						<width min="10" max="710">auto</width>
						<height>60</height>
						<font>FSInfoTitleFont</font>
						<textcolor>MediaInfoTitleColor</textcolor>
						<shadowcolor>ShadowColor</shadowcolor>
						<label>[UPPERCASE]$INFO[VideoPlayer.Title]$INFO[VideoPlayer.Year, (,)][/UPPERCASE]</label>
						<aligny>top</aligny>
						<scroll>true</scroll>
					</control>
					<control type="image">
						<description>Star Rating</description>
						<top>2</top>
						<width>100</width>
						<height>32</height>		
						<texture>$INFO[Player.StarRating]</texture>
						<aspectratio>keep</aspectratio>
						<include>StarRatingFadeAnim</include>
					</control>
				</control>

				<control type="label">
					<description>Genre</description>
					<top>30</top>
					<width>820</width>
					<height>26</height>
					<font>FSInfoFont</font>
					<textcolor>MediaInfoTitleColor2</textcolor>
					<shadowcolor>ShadowColor</shadowcolor>
					<label>[UPPERCASE]$VAR[FSInfoLabel1][/UPPERCASE]</label>
					<aligny>center</aligny>
				</control>

				<control type="grouplist">
					<description>Time</description>
					<left>868</left>
					<width>320</width>
					<align>right</align>
					<orientation>horizontal</orientation>
					<itemgap>10</itemgap>
					<usecontrolcoords>true</usecontrolcoords>
					<control type="image">
						<top>6</top>
						<width>24</width>
						<height>24</height>	
						<texture>pvr/status_timer_alt.png</texture>
						<aspectratio>keep</aspectratio>
					</control>
					<control type="label">
						<left>-6</left>
						<height>60</height>	
						<width min="25" max="250">auto</width>
						<font>FSInfoTitleFont</font>
						<textcolor>BreadCrumbColor</textcolor>
						<shadowcolor>ShadowColor</shadowcolor>
						<label>[UPPERCASE]$INFO[System.Time][/UPPERCASE]</label>
						<aligny>top</aligny>
					</control>
				</control>

				<control type="grouplist">
					<description>Media Info Labels</description>
					<top>66</top>
					<width>820</width>
					<orientation>horizontal</orientation>
					<control type="label">
						<width min="10" max="320">auto</width>
						<height>40</height>
						<font>MediaInfoFont</font>
						<textcolor>MediaInfoItemColor</textcolor>
						<shadowcolor>ShadowColor</shadowcolor>							
						<label>$INFO[Control.GetLabel(502)]</label>
						<aligny>center</aligny>
					</control>
					<control type="label">
						<width min="10" max="320">auto</width>
						<height>40</height>
						<font>MediaInfoFont</font>
						<textcolor>MediaInfoItemColor2</textcolor>
						<shadowcolor>ShadowColor</shadowcolor>
						<label>$INFO[Control.GetLabel(503)]</label>
						<aligny>center</aligny>
					</control>
				</control>

				<control type="textbox">
					<description>Plot</description>
					<top>105</top>
					<width>820</width>
					<height>100</height>
					<font>MediaInfoDescFont</font>
					<textcolor>MediaInfoColor</textcolor>
					<shadowcolor>ShadowColor</shadowcolor>
					<align>justify</align>
					<label fallback="31203">$INFO[Control.GetLabel(505)]</label>
					<wrapmultiline>true</wrapmultiline>
					<autoscroll time="2000" delay="6000" repeat="10000">true</autoscroll>
				</control>

				<control type="grouplist">
					<description>Media Flags Area</description>
					<top>214</top>
					<width>890</width>
					<height>35</height>
					<itemgap>5</itemgap>
					<align>left</align>
					<usecontrolcoords>true</usecontrolcoords>
					<orientation>horizontal</orientation>
					<include>MediaFlagFadeAnim</include>
					<include>PlayerVideoMediaFlags</include>
					<include>PlayerAudioMediaFlags</include>
					<include>PlayerAspectMediaFlags</include>
					<include condition="!Skin.HasSetting(HideRatingMediaFlag)">PlayerRatingMediaFlags</include>
				</control>
			</control>

			<control type="image">
				<description>Channel Logo</description>
				<left>983</left>
				<top>92</top>
				<width>210</width>
				<height>167</height>
				<texture diffuse="covers/player-media-cover-diffuse.png" fallback="pvr/DefaultPVRLogo.png">$INFO[Control.GetLabel(506)]</texture>
				<aspectratio>keep</aspectratio>
			</control>
		</control>

		<control type="image">
			<description>Channel Bug</description>
			<left>220r</left>
			<top>120r</top>
			<width>150</width>
			<height>100</height>
			<aspectratio>keep</aspectratio>
			<texture>$INFO[Control.GetLabel(103)]</texture>
			<animation effect="fade" start="40" end="40" condition="True">Conditional</animation>
		</control>

		<control type="group">
			<control type="image" id="101">
				<visible>false</visible>
			</control>
			<control type="image" id="103">
				<visible>false</visible>
			</control>
			<control type="label" id="501">
				<visible>false</visible>
			</control>
			<control type="label" id="502">
				<visible>false</visible>
			</control>
			<control type="label" id="503">
				<visible>false</visible>
			</control>
			<control type="label" id="504">
				<visible>false</visible>
			</control>
			<control type="label" id="505">
				<visible>false</visible>
			</control>
			<control type="image" id="506">
				<visible>false</visible>
			</control>
		</control>
	</controls>
</window>
