<?xml version="1.0" encoding="UTF-8"?>
<window>
	<defaultcontrol>102</defaultcontrol>
	<allowoverlay>no</allowoverlay>

	<coordinates>
		<system>1</system>
		<origin x="311" y="120">true</origin>
	</coordinates>

	<controls>
		<control type="group">
			<include>PseudotvChannelConfigDialogBox</include>
			<include>DialogOpenCloseAnim</include>
			<animation effect="fade" start="100" end="0" time="250" condition="Window.IsActive(script.pseudotv.AdvancedConfig.xml)">Conditional</animation>

			<control type="label">
				<label>$LOCALIZE[19143]</label>
				<include>DialogTitle</include>
			</control>

			<control type="group">
				<left>DialogMarginOffsetX</left>
				<top>DialogMarginOffsetY</top>

				<control type="group" id="105">
					<control type="label">
						<left>20</left>
						<width>140</width>
						<height>38</height>
						<label>Channel</label>
						<include>DialogHeadLabel</include>
					</control>

					<control type="label">
						<left>180</left>
						<width>400</width>
						<height>38</height>
						<label>Content</label>
						<include>DialogHeadLabel</include>
					</control>

					<control type="image">
						<width>600</width>
						<height>38</height>	
						<texture border="0,0,10,2">views/list-separator.png</texture>
						<aspectratio>stretch</aspectratio>
					</control>

					<control type="list" id="102">
						<description>All channels list</description>
						<top>38</top>
						<width>600</width>
						<height>336</height>
						<onup>102</onup>
						<ondown>102</ondown>
						<onright>901</onright>
						<onleft>901</onleft>
						<pagecontrol>103</pagecontrol>
						<itemlayout height="42">
							<control type="image">
								<width>600</width>
								<height>42</height>	
								<texture border="0,0,10,2">views/list-separator.png</texture>
								<aspectratio>stretch</aspectratio>
							</control>

							<control type="label">
								<description>Label</description>
								<left>30</left>
								<width>140</width>
								<height>42</height>
								<info>ListItem.Label</info>
								<include>DialogContentLabel</include>
							</control>

							<control type="label">
								<description>Label2</description>
								<left>180</left>
								<width>400</width>
								<height>42</height>			
								<info>ListItem.Label2</info>
								<include>DialogContentLabel</include>
							</control>
						</itemlayout>

						<focusedlayout height="42">
							<control type="image">
								<width>600</width>
								<height>42</height>	
								<texture border="0,0,10,2">views/list-separator.png</texture>
								<aspectratio>stretch</aspectratio>
							</control>

							<control type="image">
								<width>600</width>
								<height>41</height>	
								<texture border="4">views/list-focus.png</texture>
								<aspectratio>stretch</aspectratio>
								<visible>Control.HasFocus(102)</visible>
								<include>ListViewSelectFadeAnim</include>
							</control>

							<control type="image">
								<width>600</width>
								<height>41</height>	
								<texture border="4">views/list-alt-focus.png</texture>
								<aspectratio>stretch</aspectratio>
								<visible>!Control.HasFocus(102)</visible>
								<include>ListViewSelectFadeAnim2</include>
							</control>					

							<control type="label">
								<description>Label</description>
								<left>30</left>
								<width>140</width>
								<height>42</height>
								<include>DialogContentLabel</include>
								<info>ListItem.Label</info>
							</control>

							<control type="label">
								<description>Label2</description>
								<left>180</left>
								<width>400</width>
								<height>42</height>
								<include>DialogContentLabel</include>			
								<info>ListItem.Label2</info>
							</control>
						</focusedlayout>
					</control>

					<control type="grouplist">		
						<description>Dialog Button Area</description>			
						<left>215</left>
						<top>381</top>
						<itemgap>0</itemgap>
						<orientation>horizontal</orientation>
						<onup>102</onup>
						<ondown>102</ondown>
						<control type="button" id="901">
							<description>OK</description>
							<include>DialogMenuBarBtn</include>
							<onclick>PreviousMenu</onclick>
							<label>Close</label>
						</control>			
					</control>	
				</control>

				<control type="group" id="106">
					<description>Single Channel Area</description>
					<width>600</width>
					<height>600</height>
					<control type="image">
						<width>600</width>
						<height>38</height>	
						<texture border="0,0,10,2">views/list-separator.png</texture>
						<aspectratio>stretch</aspectratio>
					</control>

					<control type="label" id="104">
						<left>20</left>
						<width>400</width>
						<height>38</height>
						<include>DialogHeadLabel</include>
					</control>

					<control type="group">
						<top>38</top>
						<control type="image">
							<width>600</width>
							<height>42</height>	
							<texture border="0,0,10,2">views/list-separator.png</texture>
							<aspectratio>stretch</aspectratio>
						</control>

						<control type="label">
							<left>20</left>
							<width>140</width>
							<height>42</height>
							<include>DialogContentLabel</include>
							<label>Channel Type:</label>
						</control>

						<control type="label" id="109">
							<left>75r</left>
							<top>0</top>
							<width>280</width>
							<height>42</height>
							<align>right</align>
							<include>DialogContentLabel</include>
						</control>

						<control type="button" id="110">
							<left>53r</left>
							<top>13</top>
							<width>23</width>
							<height>16</height>
							<texturefocus flipy="true">controls/arrow-scroll-up-focus.png</texturefocus>
							<texturenofocus flipy="true">controls/arrow-scroll-up-nofocus.png</texturenofocus>
							<onleft>111</onleft>
							<onright>111</onright>
						</control>

						<control type="button" id="111">
							<left>30r</left>
							<top>13</top>
							<width>23</width>
							<height>16</height>
							<texturefocus>controls/arrow-scroll-up-focus.png</texturefocus>
							<texturenofocus>controls/arrow-scroll-up-nofocus.png</texturenofocus>
							<onleft>110</onleft>
							<onright>110</onright>
						</control>
					</control>

					<control type="image">
						<top>80</top>
						<width>600</width>
						<height>42</height>	
						<texture border="0,0,10,2">views/list-separator.png</texture>
						<aspectratio>stretch</aspectratio>
						<visible>Control.IsVisible(120) | Control.IsVisible(121) | Control.IsVisible(122) | Control.IsVisible(123) | Control.IsVisible(124) | Control.IsVisible(125) | Control.IsVisible(126) | Control.IsVisible(127)</visible>
					</control>

					<control type="grouplist">		
						<description>Dialog Button Area</description>			
						<left>25</left>
						<top>381</top>
						<itemgap>0</itemgap>
						<orientation>horizontal</orientation>
						<onup>110</onup>
						<ondown>106</ondown>
						<control type="button" id="114">
							<description>Rules</description>
							<include>DialogMenuBarSmallBtn</include>			
							<label>Rules</label>
						</control>
						<control type="label" id="1">
							<width>100</width>
						</control>
						<control type="button" id="112">
							<description>Ok</description>
							<include>DialogMenuBarSmallBtn</include>			
							<label>$LOCALIZE[186]</label>
						</control>
						<control type="button" id="113">
							<description>Cancel</description>
							<include>DialogMenuBarSmallBtn</include>			
							<label>$LOCALIZE[222]</label>
						</control>			
					</control>
				</control>

				<control type="group" id="107">
					<top>80</top>
					<width>600</width>
					<height>600</height>

					<control type="group" id="120">
						<description>Custom Playlist Area</description>
						<control type="label">
							<left>20</left>
							<width>140</width>
							<height>42</height>
							<include>DialogContentLabel</include>
							<label>Playlist:</label>
						</control>

						<control type="button" id="130">
							<left>350r</left>
							<top>6</top>
							<width>345</width>
							<height>30</height>
							<onup>110</onup>
							<ondown>112</ondown>
						</control>
					</control>

					<control type="group" id="121">
						<description>TV Network Area</description>
						<control type="label">
							<left>20</left>
							<width>140</width>
							<height>42</height>
							<include>DialogContentLabel</include>
							<label>Network:</label>
						</control>

						<control type="label" id="142">
							<left>75r</left>
							<top>0</top>
							<width>280</width>
							<height>42</height>
							<align>right</align>
							<include>DialogContentLabel</include>
						</control>

						<control type="button" id="140">
							<left>53r</left>
							<top>13</top>
							<width>23</width>
							<height>16</height>
							<texturefocus flipy="true">controls/arrow-scroll-up-focus.png</texturefocus>
							<texturenofocus flipy="true">controls/arrow-scroll-up-nofocus.png</texturenofocus>
							<onup>110</onup>
							<ondown>112</ondown>
							<onleft>141</onleft>
							<onright>141</onright>
						</control>

						<control type="button" id="141">
							<left>30r</left>
							<top>13</top>
							<width>23</width>
							<height>16</height>
							<texturefocus>controls/arrow-scroll-up-focus.png</texturefocus>
							<texturenofocus>controls/arrow-scroll-up-nofocus.png</texturenofocus>
							<onup>111</onup>
							<ondown>113</ondown>
							<onleft>140</onleft>
							<onright>140</onright>
						</control>			
					</control>

					<control type="group" id="122">
						<description>Movie Studio Area</description>
						<control type="label">
							<left>20</left>
							<width>140</width>
							<height>42</height>
							<include>DialogContentLabel</include>
							<label>Studio:</label>
						</control>

						<control type="label" id="152">
							<left>75r</left>
							<top>0</top>
							<width>280</width>
							<height>42</height>
							<align>right</align>
							<include>DialogContentLabel</include>
						</control>

						<control type="button" id="150">
							<left>53r</left>
							<top>13</top>
							<width>23</width>
							<height>16</height>
							<texturefocus flipy="true">controls/arrow-scroll-up-focus.png</texturefocus>
							<texturenofocus flipy="true">controls/arrow-scroll-up-nofocus.png</texturenofocus>
							<onup>110</onup>
							<ondown>112</ondown>
							<onleft>151</onleft>
							<onright>151</onright>
						</control>

						<control type="button" id="151">
							<left>30r</left>
							<top>13</top>
							<width>23</width>
							<height>16</height>
							<texturefocus>controls/arrow-scroll-up-focus.png</texturefocus>
							<texturenofocus>controls/arrow-scroll-up-nofocus.png</texturenofocus>
							<onup>111</onup>
							<ondown>113</ondown>
							<onleft>150</onleft>
							<onright>150</onright>
						</control>			
					</control>

					<control type="group" id="123">
						<description>TV Genre Area</description>
						<control type="label">
							<left>20</left>
							<width>140</width>
							<height>42</height>
							<include>DialogContentLabel</include>
							<label>Genre:</label>
						</control>

						<control type="label" id="162">
							<left>75r</left>
							<top>0</top>
							<width>280</width>
							<height>42</height>
							<align>right</align>
							<include>DialogContentLabel</include>
						</control>

						<control type="button" id="160">
							<left>53r</left>
							<top>13</top>
							<width>23</width>
							<height>16</height>
							<texturefocus flipy="true">controls/arrow-scroll-up-focus.png</texturefocus>
							<texturenofocus flipy="true">controls/arrow-scroll-up-nofocus.png</texturenofocus>
							<onup>110</onup>
							<ondown>112</ondown>
							<onleft>161</onleft>
							<onright>161</onright>
						</control>

						<control type="button" id="161">
							<left>30r</left>
							<top>13</top>
							<width>23</width>
							<height>16</height>
							<texturefocus>controls/arrow-scroll-up-focus.png</texturefocus>
							<texturenofocus>controls/arrow-scroll-up-nofocus.png</texturenofocus>
							<onup>111</onup>
							<ondown>113</ondown>
							<onleft>160</onleft>
							<onright>160</onright>
						</control>			
					</control>

					<control type="group" id="124">
						<description>Movie Genre Area</description>
						<control type="label">
							<left>20</left>
							<width>140</width>
							<height>42</height>
							<include>DialogContentLabel</include>
							<label>Genre:</label>
						</control>

						<control type="label" id="172">
							<left>75r</left>
							<top>0</top>
							<width>280</width>
							<height>42</height>
							<align>right</align>
							<include>DialogContentLabel</include>
						</control>

						<control type="button" id="170">
							<left>53r</left>
							<top>13</top>
							<width>23</width>
							<height>16</height>
							<texturefocus flipy="true">controls/arrow-scroll-up-focus.png</texturefocus>
							<texturenofocus flipy="true">controls/arrow-scroll-up-nofocus.png</texturenofocus>
							<onup>110</onup>
							<ondown>112</ondown>
							<onleft>171</onleft>
							<onright>171</onright>
						</control>

						<control type="button" id="171">
							<left>30r</left>
							<top>13</top>
							<width>23</width>
							<height>16</height>
							<texturefocus>controls/arrow-scroll-up-focus.png</texturefocus>
							<texturenofocus>controls/arrow-scroll-up-nofocus.png</texturenofocus>
							<onup>111</onup>
							<ondown>113</ondown>
							<onleft>170</onleft>
							<onright>170</onright>
						</control>			
					</control>

					<control type="group" id="125">
						<description>Mixed Genre Area</description>
						<control type="label">
							<left>20</left>
							<width>140</width>
							<height>42</height>
							<include>DialogContentLabel</include>
							<label>Genre:</label>
						</control>

						<control type="label" id="182">
							<left>75r</left>
							<top>0</top>
							<width>280</width>
							<height>42</height>
							<align>right</align>
							<include>DialogContentLabel</include>
						</control>

						<control type="button" id="180">
							<left>53r</left>
							<top>13</top>
							<width>23</width>
							<height>16</height>
							<texturefocus flipy="true">controls/arrow-scroll-up-focus.png</texturefocus>
							<texturenofocus flipy="true">controls/arrow-scroll-up-nofocus.png</texturenofocus>
							<onup>110</onup>
							<ondown>112</ondown>
							<onleft>181</onleft>
							<onright>181</onright>
						</control>

						<control type="button" id="181">
							<left>30r</left>
							<top>13</top>
							<width>23</width>
							<height>16</height>
							<texturefocus>controls/arrow-scroll-up-focus.png</texturefocus>
							<texturenofocus>controls/arrow-scroll-up-nofocus.png</texturenofocus>
							<onup>111</onup>
							<ondown>113</ondown>
							<onleft>180</onleft>
							<onright>180</onright>
						</control>			
					</control>

					<control type="group" id="126">
						<description>TV Show Area</description>
						<control type="label">
							<left>20</left>
							<width>140</width>
							<height>42</height>
							<include>DialogContentLabel</include>
							<label>Show:</label>
						</control>

						<control type="label" id="192">
							<left>75r</left>
							<top>0</top>
							<width>280</width>
							<height>42</height>
							<align>right</align>
							<include>DialogContentLabel</include>
						</control>

						<control type="button" id="190">
							<left>53r</left>
							<top>13</top>
							<width>23</width>
							<height>16</height>
							<texturefocus flipy="true">controls/arrow-scroll-up-focus.png</texturefocus>
							<texturenofocus flipy="true">controls/arrow-scroll-up-nofocus.png</texturenofocus>
							<onup>110</onup>
							<ondown>194</ondown>
							<onleft>191</onleft>
							<onright>191</onright>
						</control>

						<control type="button" id="191">
							<left>30r</left>
							<top>13</top>
							<width>23</width>
							<height>16</height>
							<texturefocus>controls/arrow-scroll-up-focus.png</texturefocus>
							<texturenofocus>controls/arrow-scroll-up-nofocus.png</texturenofocus>
							<onup>111</onup>
							<ondown>194</ondown>
							<onleft>190</onleft>
							<onright>190</onright>
						</control>

						<control type="group">
							<top>42</top>
							<control type="image">
								<width>600</width>
								<height>42</height>	
								<texture border="0,0,10,2">views/list-separator.png</texture>
								<aspectratio>stretch</aspectratio>
							</control>

							<control type="label">
								<left>20</left>
								<width>140</width>
								<height>42</height>
								<include>DialogContentLabel</include>
								<label>Serial Mode:</label>
							</control>

							<control type="radiobutton" id="194">
								<left>195r</left>
								<top>0</top>
								<height>42</height>
								<label>-</label>
								<texturefocus>-</texturefocus>
								<texturenofocus>-</texturenofocus>
								<onup>190</onup>
								<ondown>112</ondown>
							</control>						
						</control>
					</control>

					<control type="group" id="127">
						<description>Directory Area</description>
						<control type="label">
							<left>20</left>
							<width>140</width>
							<height>42</height>
							<include>DialogContentLabel</include>
							<label>Directory:</label>
						</control>

						<control type="button" id="200">
							<left>350r</left>
							<top>6</top>
							<width>345</width>
							<height>30</height>
							<onup>110</onup>
							<ondown>112</ondown>
						</control>
					</control>
				</control>
			</control>
		</control>
	</controls>
</window>