<?xml version="1.0" encoding="UTF-8"?>
<window id="34">
	<defaultcontrol always="true">2</defaultcontrol>
	<allowoverlay>yes</allowoverlay>
	<onload condition="System.HasAddon(script.artistslideshow) + [Skin.HasSetting(UseFanartForMusicPlayingBG) | Skin.HasSetting(UseVisualizationAndFanartForMusicPlayingBG)] + Skin.HasSetting(EnableArtistFanartSlideshow)">RunScript(script.artistslideshow)</onload>
	
	<controls>
		<control type="group"> 	
    		<include>BackgroundDefault</include>
			<include condition="!Skin.HasSetting(DisableVideoPlayingBG)">BackgroundVideoPlaying</include>
			<include condition="!Skin.HasSetting(DisableMusicPlayingBG)">BackgroundMusicPlaying</include>
			<include>BackgroundOpenCloseAnim</include>
		</control>
		
		<control type="group">
			<include>ControlsOpenCloseAnim</include>
		
			<control type="panel" id="2">
				<viewtype label="31103">Icon</viewtype>
				<left>31</left>
				<top>105</top>
				<width>1218</width>
				<height>555</height>
				<pagecontrol>901</pagecontrol>	
				<preloaditems>2</preloaditems>
				<onup>2</onup>
				<ondown>2</ondown>
				<onleft>850</onleft>
				<onright>150</onright>
				<itemlayout height="185" width="203">		
					<control type="image">
						<description>Cover</description>
						<left>20</left>
						<top>20</top>
						<width>164</width>
						<height>122</height>
						<texture background="true" fallback="unknown-user.png">$INFO[ListItem.Icon]</texture>
						<aspectratio aligny="bottom">keep</aspectratio>
						<bordersize>5</bordersize>
					</control>
					<control type="label">
						<description>Label</description>
						<left>19</left>
						<top>150</top>
						<width>165</width>
						<font>IconFont</font>
						<textcolor>GreyColor2</textcolor>
						<shadowcolor>ShadowColor</shadowcolor>
						<align>center</align>
						<info>ListItem.Label</info>
					</control>
				</itemlayout>															
				<focusedlayout height="185" width="203">
					<control type="image">
						<description>Cover Focus</description>
						<left>0</left>
						<top>0</top>
						<width>203</width>
						<height>185</height>
						<texture border="4">views/list-focus.png</texture>
						<aspectratio>stretch</aspectratio>
						<animation effect="fade" end="60" condition="true">Conditional</animation>
					</control>	
					<control type="image">
						<description>Cover</description>
						<left>20</left>
						<top>20</top>
						<width>164</width>
						<height>122</height>
						<texture background="true" fallback="unknown-user.png">$INFO[ListItem.Icon]</texture>
						<aspectratio aligny="bottom">keep</aspectratio>
						<bordersize>5</bordersize>
					</control>	
					<control type="label">
						<description>Label</description>
						<left>19</left>
						<top>150</top>
						<width>165</width>
						<font>IconFont</font>
						<textcolor>SelectedColor</textcolor>
						<shadowcolor>ShadowColor</shadowcolor>
						<align>center</align>
						<info>ListItem.Label</info>
					</control>
				</focusedlayout>
			</control>
			
			<include>CommonScrollbar</include>
		</control>
		
		<control type="group">
			<description>Menu Bar Area</description>
			<top>MenuBarOffsetY</top>
			<include>MenuBarImage</include>
			<include>MenuBarOpenCloseAnim2</include>	
			<include>ProfileSettingsMenuBar</include>
		</control>
		
		<control type="group">
			<description>Top Bar Area</description>
			<include>TopBarImage</include>
			<include>TopBarOpenCloseAnim</include>
			<include>BreadCrumbProfilesSettings</include>
			<include>Notifications</include>
		</control>

		<control type="group">
			<description>Bottom Bar Area</description>
			<top>BottomPaneOffsetY</top>
			<include>InfoPaneProfileDetails</include>
			<include>BottomPaneOpenCloseAnim</include>
		</control>
	</controls>
</window>