<?xml version="1.0" encoding="UTF-8"?>
<window id="129">
	<defaultcontrol always="true">22</defaultcontrol>
	<allowoverlay>no</allowoverlay>

	<coordinates>
		<system>1</system>
		<origin x="305" y="70">true</origin>
	</coordinates>
	
	<controls>
		<control type="group">	
			<include>SmartPlaylistEditorDialogBox</include>
			<include>DialogOpenCloseAnim</include>
			<animation effect="fade" start="100" end="0" time="250" condition="Window.IsActive(VirtualKeyboard) | Window.IsActive(SmartPlaylistRule)">Conditional</animation>

			<control type="label" id="2">
				<include>DialogTitle</include>
				<label>$LOCALIZE[21432]</label>
			</control>
			
			<control type="group">		
				<left>DialogMarginOffsetX</left>
				<top>DialogMarginOffsetY</top>
				
				<control type="spincontrolex" id="22">
					<description>Set Playlist Type</description>
					<width>600</width>
					<label>$LOCALIZE[467]</label>
					<onup>noop</onup>
					<ondown>12</ondown>
					<onleft>9001</onleft>
					<onright>9001</onright>
				</control>	
				
				<control type="label">
					<description>Playlist Name</description>
					<top>50</top>
					<width>600</width>
					<include>DialogHeadLabel</include>
					<label>$LOCALIZE[21433]</label>
					<include>DialogHeadLabelFade</include>
				</control>
				
				<control type="edit" id="12">
					<description>Playlist Name Input</description>
					<top>70</top>
					<width>600</width>	
					<height>35</height>
					<textwidth>590</textwidth>
					<onup>22</onup>
					<ondown>10</ondown>
					<onleft>9001</onleft>
					<onright>9001</onright>
				</control>	
				
				<control type="label">
					<description>Rules</description>
					<top>120</top>
					<width>600</width>
					<include>DialogHeadLabel</include>
					<label>$LOCALIZE[21434]</label>
					<include>DialogHeadLabelFade</include>
				</control>
				
				<control type="image">
					<description>Rules Background</description>
					<top>140</top>
					<width>475</width>
					<height>115</height>
					<texture border="5">controls/button-nofocus.png</texture>
				</control>
				
				<control type="list" id="10">
					<description>Rules</description>
					<left>5</left>
					<top>145</top>
					<width>465</width>
					<height>105</height>
					<onup>12</onup>
					<ondown>245</ondown>
					<onleft>9001</onleft>
					<onright>9000</onright>
					<itemlayout height="35">
						<control type="label">
							<left>5</left>
							<width>455</width>
							<height>35</height>
							<font>ButtonFont2</font>
							<textcolor>ButtonColor</textcolor>
							<aligny>center</aligny>
							<info>ListItem.Label</info>
						</control>
					</itemlayout>
					<focusedlayout height="35">
						<control type="image">
							<width>465</width>
							<height>35</height>
							<texture border="5">controls/button-focus.png</texture>
							<visible>Control.HasFocus(10)</visible>
						</control>
						<control type="label">
							<left>5</left>
							<width>455</width>
							<height>35</height>
							<font>ButtonFont2</font>
							<textcolor>ButtonFocusColor</textcolor>
							<aligny>center</aligny>
							<info>ListItem.Label</info>
						</control>
					</focusedlayout>
				</control>	

				<control type="grouplist" id="9000">			
					<left>480</left>
					<top>140</top>
					<itemgap>5</itemgap>
					<onup>12</onup>
					<ondown>245</ondown>
					<onleft>10</onleft>
					<onright>9001</onright>
					<control type="button" id="13">
						<description>Add Rule</description>
						<include>DialogBtn</include>
						<label>$LOCALIZE[15019]</label>		    
					</control>			
					<control type="button" id="14">
						<description>Add Path</description>
						<include>DialogBtn</include>
						<label>$LOCALIZE[1210]</label>	
					</control>				
					<control type="button" id="15">
						<description>Remove Path</description>
						<include>DialogBtn</include>
						<label>$LOCALIZE[21435]</label>
					</control>				
				</control>
				
				<control type="group" id="245">
					<control type="label">
						<description>Items Must Match</description>
						<top>270</top>
						<width>297</width>
						<include>DialogHeadLabel</include>
						<label>$LOCALIZE[21424]</label>
						<include>DialogHeadLabelFade</include>
					</control>
					
					<control type="spincontrolex" id="16">
						<description>Items Must Match Value</description>
						<top>290</top>
						<width>297</width>
						<label>-</label>
						<onup>10</onup>
						<ondown>18</ondown>
						<onleft>9001</onleft>
						<onright>17</onright>
					</control>	
					
					<control type="label">
						<description>Limit To</description>
						<left>302</left>
						<top>270</top>
						<width>297</width>
						<include>DialogHeadLabel</include>
						<label>$LOCALIZE[21427]</label>
						<include>DialogHeadLabelFade</include>
					</control>
					
					<control type="spincontrolex" id="17">
						<description>Limit To Value</description>
						<left>302</left>
						<top>290</top>
						<width>298</width>
						<label>-</label>
						<onup>10</onup>
						<ondown>18</ondown>
						<onleft>16</onleft>
						<onright>9001</onright>
					</control>
				</control>
								
				<control type="label">
					<description>Order By</description>
					<top>340</top>
					<width>475</width>
					<include>DialogHeadLabel</include>
					<label>$LOCALIZE[21429]</label>
					<include>DialogHeadLabelFade</include>
				</control>
			
				<control type="spincontrolex" id="18">
					<description>Order By Value</description>
					<top>360</top>
					<width>475</width>
					<label>-</label>
					<onup>245</onup>
					<ondown>23</ondown>
					<onleft>9001</onleft>
					<onright>19</onright>
				</control>

				<control type="togglebutton" id="19">
					<description>Order Direction Toggle</description>
					<left>480</left>
					<top>360</top>
					<include>DialogBtn</include>
					<label>21431</label>
					<altlabel>21430</altlabel>
					<onup>245</onup>
					<ondown>23</ondown>
					<onleft>18</onleft>
					<onright>9001</onright>		    
				</control>
				
				<control type="label">
					<description>Group By</description>
					<top>410</top>
					<width>475</width>
					<include>DialogHeadLabel</include>
					<label>21458</label>
					<include>DialogHeadLabelFade</include>
				</control>
			
				<control type="spincontrolex" id="23">
					<description>Group By Value</description>
					<top>430</top>
					<width>475</width>
					<label>-</label>
					<onup>18</onup>
					<ondown>9001</ondown>
					<onleft>9001</onleft>
					<onright>24</onright>
				</control>

				<control type="radiobutton" id="24">
					<description>Mixed Button</description>
					<left>480</left>
					<top>430</top>
					<include>DialogBtn</include>
					<label>$LOCALIZE[21459]</label>	
					<onup>18</onup>
					<ondown>9001</ondown>
					<onleft>23</onleft>
					<onright>9001</onright>		    
				</control>
			</control>
		
			<control type="grouplist" id="9001">			
				<description>Dialog Button Area</description>	
				<left>165</left>
				<top>527</top>
				<itemgap>0</itemgap>
				<orientation>horizontal</orientation>
				<onup>23</onup>
				<control type="button" id="20">
					<description>OK</description>
					<include>DialogMenuBarBtn</include>
					<label>$LOCALIZE[186]</label>
				</control>			
				<control type="button" id="21">
					<description>Cancel</description>
					<include>DialogMenuBarBtn</include>
					<label>$LOCALIZE[222]</label>
				</control>
			</control>	
		</control>		
	</controls>	
</window>