<?xml version="1.0" encoding="UTF-8"?>
<window id="129">
	<defaultcontrol always="true">15</defaultcontrol>
	<allowoverlay>no</allowoverlay>

	<coordinates>
		<system>1</system>
		<origin x="305" y="200">true</origin>
	</coordinates>
	
	<controls>
		<control type="group">
			<include>SmartPlaylistRuleDialogBox</include>
			<include>DialogOpenCloseAnim</include>
			<animation effect="fade" start="100" end="0" time="250" condition="Window.IsActive(VirtualKeyboard)">Conditional</animation>
			
			<control type="label" id="2">
				<include>DialogTitle</include>
				<label>$LOCALIZE[21421]</label>
			</control>
			
			<control type="group">		
				<left>DialogMarginOffsetX</left>
				<top>DialogMarginOffsetY</top>
				
				<control type="label">
					<description>Match Items Where</description>
					<width>600</width>
					<include>DialogHeadLabel</include>
					<label>$LOCALIZE[21422]</label>
					<include>DialogHeadLabelFade</include>
				</control>
				
				<control type="group" id="289">
					<control type="spincontrolex" id="15">
						<description>Rule Field</description>
						<top>20</top>
						<width>297</width>
						<onup>noop</onup>
						<ondown>290</ondown>
						<onleft>9001</onleft>
						<onright>16</onright>
					</control>	
					
					<control type="spincontrolex" id="16">
						<description>Items Must Match</description>
						<left>302</left>
						<top>20</top>
						<width>298</width>
						<onup>noop</onup>
						<ondown>290</ondown>
						<onleft>15</onleft>
						<onright>9001</onright>
					</control>
				</control>
				
				<control type="group" id="290">
					<control type="edit" id="17">
						<description>Rule Value</description>
						<top>60</top>
						<width>475</width>
						<textwidth>459</textwidth>
						<include>DialogContentLabel</include>
						<onup>289</onup>
						<ondown>9001</ondown>
						<onleft>9001</onleft>
						<onright>20</onright>
					</control>	

					<control type="button" id="20">
						<description>Server Browse</description>
						<left>480</left>
						<top>60</top>
						<include>DialogBtn</include>
						<label>$LOCALIZE[1024]</label>
						<onup>289</onup>
						<ondown>9001</ondown>
						<onleft>17</onleft>
						<onright>9001</onright>
					</control>			
				</control>
			</control>
			
			<control type="grouplist" id="9001">			
				<description>Dialog Button Area</description>				
				<left>165</left>
				<top>157</top>
				<itemgap>0</itemgap>
				<orientation>horizontal</orientation>	
				<onup>290</onup>
				<control type="button" id="18">
					<description>OK</description>
					<include>DialogMenuBarBtn</include>
					<label>$LOCALIZE[186]</label>
				</control>			
				<control type="button" id="19">
					<description>Cancel</description>
					<left>170</left>
					<include>DialogMenuBarBtn</include>
					<label>$LOCALIZE[222]</label>
				</control>
			</control>
		</control>
	</controls>
</window>